factor,signal_idx,lsd,scorr
5x,0,0.2680346496811531,0.9999934998302153
5x,1,0.13333940116324722,0.9999998022124357
5x,2,0.2894855452098627,0.999999749350583
5x,3,3.8838969907182537,0.9657864967534943
5x,4,0.18465896025634906,0.9999997040213547
5x,5,0.31971609042823335,0.9773495844265385
5x,6,0.17899582096699013,0.9999947978893989
5x,7,0.2044187896733291,0.9999947851854408
5x,8,0.21103290734033978,0.5427648262909147
5x,9,0.16017399449964814,0.9999999268968282
5x,10,0.14940562718190947,0.9999997912604112
5x,11,1.806035364005097,0.9992446835938484
5x,12,0.2533577511943033,0.9999995945514047
5x,13,0.4628135062321448,0.9999987682097098
5x,14,0.12877071271313809,0.9999998375091539
5x,15,1.361023420764181,0.9999991137162758
5x,16,0.32985915556545137,0.9993864428777137
5x,17,0.16773207573670396,0.9999953371482443
5x,18,1.5060086961030663,0.21981234399757765
5x,19,0.2780081143886324,0.9999920476784753
5x,20,0.47864328538966167,0.9999237400143837
5x,21,1.625792410716903,0.9987960955429639
5x,22,0.13935761666926902,0.9999997541006117
5x,23,0.35350899516596473,0.999977908194249
5x,24,0.17623984405804266,0.9999978911290958
5x,25,0.17500497475224377,0.9999997092871677
5x,26,0.2899980225310023,0.9999978035406731
5x,27,0.13509324205868561,0.9999999103167541
5x,28,0.2148647830761914,0.9999996785965382
5x,29,0.14993658451357703,0.9999986919169676
5x,30,0.22193174731052884,0.9999997305812732
5x,31,0.6504220658032426,0.9994746641091079
5x,32,1.1710083866030538,0.9998874904805274
5x,33,0.26922382301747505,0.9973218639445606
5x,34,0.12466236397707608,0.9999996523383263
5x,35,0.13144552876670765,0.9999999732867079
5x,36,0.25105772350314004,0.9999998496783951
5x,37,0.12071309967981608,0.9999981683180417
5x,38,0.43261452001434036,0.999986564293524
5x,39,0.5463909733694707,0.999945562433369
5x,40,0.3947858403553686,0.9983459936190149
5x,41,0.5297287531456486,0.9999740398636766
5x,42,0.20551191766327215,0.9999986440933306
5x,43,2.729497968609692,0.9999031323858604
5x,44,0.13704027440248515,0.9999916776139243
5x,45,0.6232768539650974,0.9999998302979712
5x,46,0.658808020937126,0.9993537757387296
5x,47,0.1920932510828873,0.999999721758779
5x,48,0.1990173969042753,0.9999801905941006
5x,49,0.3334484176846302,0.9999927914680855
5x,50,0.25251911697819207,0.999994423262947
5x,51,0.10616627584508005,0.9999957121869962
5x,52,0.19397573790254788,0.9999958379132587
5x,53,0.5849611719600405,0.9996423806155075
5x,54,0.2536622107635027,0.9999983673413912
5x,55,0.18159315766787232,0.9999999555336848
5x,56,0.14757090353813646,0.9999997598010022
5x,57,0.3376951318086621,0.9999872401819244
5x,58,0.11173575825781168,0.9999996253061705
5x,59,0.6557989411420705,0.9998767116311715
5x,60,0.12912526573554445,0.9999988478946609
5x,61,0.12034154753566402,0.9999997446071106
5x,62,0.3116026575464698,0.9999735007351805
5x,63,0.2353765851251721,0.9999966359800958
5x,64,0.15507255312440832,0.9999996749080919
5x,65,1.5621446673137667,0.999999098821086
5x,66,0.18643621498717564,0.9999992092930787
5x,67,2.3987417080243487,0.9999161193495884
5x,68,0.18693057032630908,0.9999989963645273
5x,69,0.14023337134816322,0.9999999741681537
5x,70,0.20924152221330194,0.9999986958644208
5x,71,0.19466340895260645,0.9999998847400353
5x,72,0.11973202328905817,0.9999998027078011
5x,73,0.15125047871851377,0.9999999352247002
5x,74,0.49798081519574194,0.9999261258907114
5x,75,0.4092598731863561,0.999983888712424
5x,76,3.019061545815933,0.9993128726565991
5x,77,1.244039135633958,0.9981182659070693
5x,78,0.16087744862828368,0.999999819995553
5x,79,0.20997766407910382,0.9999991566333178
5x,80,0.18829304848046313,0.9999998375181626
5x,81,1.3074912350937735,0.999997423168794
5x,82,0.6982182805230408,0.9984874430939179
5x,83,0.25141351502220555,0.9999876480050145
5x,84,0.18417054516838346,0.9999984756267611
5x,85,0.23807092132257274,0.9999826606772164
5x,86,0.16939964554018425,0.9999997379394375
5x,87,0.25342457855810024,0.9999996351311251
5x,88,0.1475865529049991,0.9999973416266035
5x,89,2.6096771928193507,0.9999842154628066
5x,90,0.47194573649787624,0.9991450132969559
5x,91,0.1822133654098469,0.9999991495848739
5x,92,1.9307454551490377,0.9299023400724983
5x,93,3.303123774042109,0.9989366078806899
5x,94,1.8012806268055106,0.9603959392521041
5x,95,0.21094428941022889,0.9999995371851621
5x,96,1.489340731129619,0.9993417370670428
5x,97,0.2377879866828917,0.9999145376994101
5x,98,0.7572197270021718,0.9213278963117345
5x,99,0.29201153436972016,0.9999993084503174
5x,100,0.20582083768157786,0.9999985318606165
5x,101,0.1481142793935079,0.9999999220808665
5x,102,0.19939731963387272,0.9999449841407001
5x,103,0.17560006550021973,0.9999981929419172
5x,104,0.22854430875673082,0.9999914750350517
5x,105,0.14405443632083073,0.9999990342613215
5x,106,1.249164079715083,0.9999990544342614
5x,107,0.17646113919363618,0.9999997172115564
5x,108,1.690622214595549,0.9999964473340387
5x,109,0.2231943065658774,0.9999965623488487
5x,110,0.9594447771413956,0.999881838255307
5x,111,0.35450760050836927,0.9999959704561924
5x,112,1.1422212006243002,0.9999986240981155
5x,113,0.46035252054344183,0.9999789225038875
5x,114,0.1978359911324408,0.999980545320827
5x,115,1.5883144947108216,0.9999935668767032
5x,116,0.4139704951349567,0.9982818360502781
5x,117,1.5678638829543283,0.9269785483232241
5x,118,0.3023302439626793,0.9999999418250742
5x,119,0.12318202212941735,0.9999808895721444
5x,120,0.34913124570773746,0.9988100161058693
5x,121,0.189441793172849,0.9999998679733079
5x,122,1.0673909145297924,0.9969135475252797
5x,123,0.7606677860543716,0.9999797175587839
5x,124,0.27477805349038276,0.9999986145791045
5x,125,0.22225091215503995,0.9999995632726187
5x,126,0.20846223856557325,0.9998374841559293
5x,127,0.21157985021380737,0.9999991291491822
5x,128,0.5365628132097079,0.9999367768054679
5x,129,0.34122267474984525,0.9996476996486416
5x,130,0.45552240542291156,0.9999295418291645
5x,131,0.12066990412309768,0.9999984891643909
5x,132,0.11425116212323609,0.9999998817567208
5x,133,0.241182487364582,0.9999866006854745
5x,134,0.5575825918290166,0.9999805216442657
5x,135,0.49643304526125304,0.9999993068772399
5x,136,0.12052164672757598,0.9999932076132114
5x,137,1.0756614370490463,0.9999989854777427
5x,138,0.6247270801364193,0.9999702554161022
5x,139,0.2984247749585776,0.999930029578895
5x,140,1.8672842591784449,0.9998577111051754
5x,141,0.9327279323197794,0.9977150558745398
5x,142,0.22285428928651477,0.9999998105409521
5x,143,0.2297435386844866,0.9999985673780887
5x,144,1.5716283482862845,0.9999943380519515
5x,145,0.4779112596643576,0.9999011953560795
5x,146,2.3206215264504166,0.7221402305523252
5x,147,0.6816083691180526,0.999872281380713
5x,148,0.24910488019363294,0.9999994869283254
5x,149,0.1889074395943894,0.9999995997822972
5x,150,0.6607421502531972,0.9999858781709234
5x,151,0.3047089872078721,0.9999280227503481
5x,152,0.27438938925501033,0.999987449070576
5x,153,0.20107260731767881,0.9999998836821069
5x,154,0.26931844725050114,0.9999981256802015
5x,155,0.47504414389455474,0.9999992729483499
5x,156,0.15513058896355886,0.9999889364484487
5x,157,0.27377292150410426,0.9998445693205547
5x,158,0.1695969882905861,0.9999996874399351
5x,159,0.1872931807453403,0.9999964844696175
5x,160,0.3061971447245176,0.9999997242501275
5x,161,0.24530202249423036,0.9995784437776866
5x,162,2.0463562072857973,0.9999908153975917
5x,163,0.5586161370572953,0.9998881207616609
5x,164,0.6555492424601413,0.9999997026355462
5x,165,0.20992814727550643,0.9999999454558972
5x,166,0.2209442551441996,0.9999996725323728
5x,167,0.15875432790334432,0.9999936327032857
5x,168,0.15285693012110152,0.999999737766794
5x,169,0.11013633779974054,0.9999998309492879
5x,170,0.19354934750267258,0.9999999010128865
5x,171,0.3651257869048848,0.9999964845431596
5x,172,0.642285514066365,0.9999772932595102
5x,173,0.46187513931205215,0.9983521816892993
5x,174,0.16533896227903241,0.9999998036723313
5x,175,0.4689794038226513,0.9999979848932267
5x,176,0.1504465432998822,0.9999995058817298
5x,177,0.25323007328692027,0.9999998931964946
5x,178,0.10791808554462122,0.999977223124732
5x,179,1.2346270478963715,0.9999986833179892
5x,180,1.1879796218041845,0.9999988269568255
5x,181,0.3046374984425364,0.9999789333717857
5x,182,0.7030800653631167,0.9999705688328543
5x,183,0.2329581651804216,0.9999982378302635
5x,184,0.2143618493727685,0.9999992067245865
5x,185,0.2616454446921034,0.999995572546137
5x,186,0.13781554795800152,0.9999997844837994
5x,187,0.29593662792347286,0.9999996820327525
5x,188,0.41345878332240915,0.9999457029637351
5x,189,0.11304651320656571,0.9999997555795935
5x,190,1.065013174089793,0.9999999237168571
5x,191,0.17092250549974955,0.9999996894027591
5x,192,0.4221656977881138,0.9994033756235385
5x,193,1.3743351753856063,0.9993757638368894
5x,194,0.12358739229162805,0.9999999540201167
5x,195,0.2884572393362865,0.9997472773451467
5x,196,0.17252133987120322,0.9999999141703402
5x,197,0.28960501505820624,0.9999974300368737
5x,198,0.20842058039332848,0.9999993546311144
5x,199,0.6691995651036411,0.9993115559975876
5x,200,0.1317204108521204,0.9999998808692157
5x,201,0.7751151239151154,0.9987662449584762
5x,202,0.26532883545168745,0.9999991737669401
5x,203,0.49784314191636214,0.9998411132152424
5x,204,0.10641974408919214,0.9999999876948769
5x,205,0.19048722487177833,0.999999442360029
5x,206,0.13423725947645102,0.9999998042542539
5x,207,0.2972949993208233,0.999999887222695
5x,208,1.8275998677835723,0.9999967608935452
5x,209,0.28997983534506294,0.999999732863098
5x,210,0.32154592723800374,0.9996847320050346
5x,211,0.20182652502191017,0.9999640064206811
5x,212,0.2878555154473453,0.9999998940319168
5x,213,0.3053131400243977,0.9999981410978456
5x,214,0.16815757480155163,0.9999998771431344
5x,215,0.3279115623309908,0.9999830993564087
5x,216,0.2440877048693245,0.9993866500190136
5x,217,0.1451453726723629,0.9999988782628654
5x,218,0.8112128907812943,0.9997854642623019
5x,219,0.8835236174053633,0.9999588695815512
5x,220,0.23673897571526034,0.9999853805280585
5x,221,0.09543941181619403,0.9999999035355858
5x,222,0.14896918430154024,0.9999999818895935
5x,223,0.1790181811977767,0.9999987072996954
5x,224,0.29134197159829495,0.9999512622432742
5x,225,0.14454030269651288,0.9999979684335418
5x,226,0.6058043663713794,0.9999083614270927
5x,227,0.12025016514438687,0.9999996787715777
5x,228,0.2527782303165221,0.9999967244631877
5x,229,0.17474461311967496,0.9999983445074114
5x,230,0.3245472690591718,0.9999979678599796
5x,231,0.19894751408512903,0.9999946192777435
5x,232,0.24511095636632205,0.9999991459612572
5x,233,0.44604448008827474,0.9999239828887299
5x,234,0.23123024837998876,0.9999982291656719
5x,235,1.812577128730609,0.46367190068796105
5x,236,1.4075658501148882,0.9999957534377713
5x,237,0.16189404557910947,0.999999499412951
5x,238,0.6068554598621124,0.9999988125158114
5x,239,0.361683952864864,0.9999984631437803
5x,240,0.15048134828089424,0.9999999373515103
5x,241,0.39500642446133827,0.9999952702892675
5x,242,1.0673192404960012,0.9964124489675004
5x,243,1.2066795167452395,0.9996378890442201
5x,244,0.16769817032517984,0.9999965610688115
5x,245,0.15868512667905413,0.9999973429102114
5x,246,0.19802298398972232,0.9998798094484964
5x,247,0.600986696712116,0.9999906487199389
5x,248,0.2832597771179677,0.9999999169866005
5x,249,0.2960104726799758,0.9968568813509361
5x,250,0.4305845864160096,0.9996391744996204
5x,251,0.19672040418512984,0.9999996344435307
5x,252,0.7584104818088359,0.966362670845781
5x,253,0.23761529911625281,0.9999993366358475
5x,254,0.6169076672489975,0.9999846408583783
5x,255,0.24318693110841103,0.999962426282392
5x,256,0.15204833018519,0.9999952635516995
5x,257,0.48917871153256226,0.9999308518862113
5x,258,0.11732529625442939,0.9999983273489913
5x,259,0.19380115980283183,0.9999992890516989
5x,260,0.5805187358266662,0.8034729972310085
5x,261,0.25226533833116505,0.9999992273360044
5x,262,0.2611170460680731,0.9999980458019576
5x,263,0.4381361142350447,0.999990390610463
5x,264,0.16810816445052618,0.9999991780374526
5x,265,0.2829805006535504,0.9999645869721505
5x,266,0.20591259231895073,0.9999994502832773
5x,267,0.14240623629166416,0.9999698337883722
5x,268,0.17628457492214977,0.9999994072219033
5x,269,0.9779780749263262,0.9991847284324915
5x,270,0.16500103076997946,0.9999998393369501
5x,271,0.1633395303057616,0.9999978490422005
5x,272,0.16388038382807016,0.999999751525439
5x,273,0.20563529185981777,0.9999984815134348
5x,274,0.15049956602521514,0.9999943974494798
5x,275,1.1200297902992846,-0.005807485337325105
5x,276,1.7015012801188676,0.999998768378496
5x,277,0.45747622977290303,0.9999230870633815
5x,278,0.1318468704547556,0.9999997539239446
5x,279,0.6716639379851846,0.9997721269467018
5x,280,0.8285781350585677,0.9989737391000068
5x,281,0.31317123358166166,0.9999758668757106
5x,282,0.33239424661593875,0.9999998550538266
5x,283,0.7501749104220997,0.9998049384947544
5x,284,1.8459541104564805,0.9011517543029666
5x,285,4.972423709638822,0.9998616068913465
5x,286,0.16338145312039187,0.9999997675587068
5x,287,1.7646178591169104,0.5506561161905944
5x,288,0.2149029830853507,0.9999329716559812
5x,289,0.2740590632266664,0.9999990597332996
5x,290,0.34087249795218766,0.9999939120301762
5x,291,0.5381189863600013,0.9999980398147567
5x,292,0.21160661858240923,0.9999958884742859
5x,293,0.24842832221867925,0.9999688285722943
5x,294,0.1504896904393754,0.999999873664601
5x,295,0.145367637240199,0.9999997831900425
5x,296,0.24445149860501894,0.9999992374103905
5x,297,0.15487741879226727,0.9999989747809865
5x,298,0.8655472141065024,0.9990768012136872
5x,299,0.3945619232908592,0.999995039949884
5x,300,0.20649120698755255,0.9997845274020105
5x,301,0.5478857778043351,0.9994116019811508
5x,302,0.11223562365563702,0.9999997700437995
5x,303,1.2316519377088524,0.9988830278327336
5x,304,1.478283961974891,0.9999801641720032
5x,305,0.38242589228813983,0.9999155904349789
5x,306,0.2971336014394518,0.9999999365456336
5x,307,0.2164385052091122,0.9999992202411904
5x,308,0.21866297777820393,0.9999968144319245
5x,309,0.8361588089263942,0.9996186159549748
5x,310,1.0543210762060222,0.9999840528658618
5x,311,0.5360389207838648,0.9999960333119634
5x,312,0.19480962267946958,0.9999999091419095
5x,313,1.8787720228466303,0.9999742098654376
5x,314,0.13062032435822277,0.9999956900163292
5x,315,0.2543349964608036,0.9999996876389151
5x,316,0.8910393302457001,0.9840408222780207
5x,317,0.47416708669048657,0.9999878966875256
5x,318,0.3295239055159839,0.9999580695902105
5x,319,0.3521598869915932,0.9999831587382567
5x,320,0.1722878903217851,0.9999941223195054
5x,321,0.19059297467240363,0.999999804798935
5x,322,0.17067798685906077,0.9999728737177911
5x,323,0.6758500060921073,0.999836674865796
5x,324,0.21883537581275783,0.9999995043533648
5x,325,0.7070079044920679,0.9890949596690076
5x,326,0.5284482107559205,0.9999642066603078
5x,327,0.2828204529641526,0.999989454315157
5x,328,0.408820578793021,0.9999914882255957
5x,329,0.30626810039160585,0.9999986241537163
5x,330,0.2669216607263921,0.9999984800787941
5x,331,0.3111164787408646,0.9999961044844686
5x,332,0.31433800079303675,0.9999994639278861
5x,333,0.16973229216803232,0.9999999280347962
5x,334,0.2418157218369072,0.9999938050713937
5x,335,0.23056481663313655,0.9999985518353576
5x,336,0.5910647880459422,0.996763771140633
5x,337,0.17644306667866605,0.999998798097946
5x,338,0.19026920954457394,0.9999993110933966
5x,339,0.15365808047240995,0.9999741378230501
5x,340,0.24819475040090822,0.999979272752927
5x,341,0.18490472048432857,0.9999982935931296
5x,342,0.5676761610039102,0.9998317054151614
5x,343,0.46936639484023673,0.9999322282506521
5x,344,0.19018169979143462,0.9999892626166749
5x,345,0.5356413186305314,0.9999772903552347
5x,346,0.5387702174964468,0.9999960616043139
5x,347,1.8912522995807188,0.9999947398077631
5x,348,0.30297658029917585,0.9999971635023953
5x,349,0.1410529593108801,0.999999622959792
5x,350,0.17131781694780923,0.9999988491240185
5x,351,0.31910180942268995,0.9999991085076887
5x,352,1.8949374987716765,0.977727039741888
5x,353,0.9806587283283477,0.999962102355995
5x,354,0.13753683620938878,0.9999996252618315
5x,355,0.12690139771733297,0.9999999768853347
5x,356,0.18113885015114298,0.9999849628164621
5x,357,0.24481456938875815,0.9999998818560666
5x,358,0.1719749510021489,0.9999994053266813
5x,359,0.28792042334365475,0.9999608620437628
5x,360,0.19345181116343013,0.9999997425254078
5x,361,0.35400303145044926,0.9999891599639129
5x,362,0.2536719216433336,0.9999868498266605
5x,363,0.16689747566810345,0.9999956984152528
5x,364,0.26183795617575406,0.9999992621332177
5x,365,0.9143400118865745,0.9995602505159806
5x,366,0.20643008832381646,0.9999990486546642
5x,367,0.25351633672777574,0.9999997972974932
5x,368,0.22075863736826515,0.9999921813217363
5x,369,0.12780010162318411,0.9999996375626935
5x,370,0.3448458848439297,0.9999483363346154
5x,371,0.8927644259042605,0.9999974336311511
5x,372,1.299930178098044,0.9955284100197112
5x,373,0.11567111558544586,0.9999998503667136
5x,374,0.24801122916707413,0.9999773241461828
5x,375,0.20642097110685798,0.9999999145220839
5x,376,0.16032638284471892,0.9999669758363181
5x,377,0.21116570843187468,0.9999818561980106
5x,378,1.0347040515927775,0.9364811473045237
5x,379,0.14980423414421118,0.9999996147812892
5x,380,0.5221341151163693,0.982243149730784
5x,381,3.8186902231290505,-0.01244921365576972
5x,382,0.16153935756577908,0.9999971379492055
5x,383,0.7320819424757163,0.9973011755715686
5x,384,0.26738953315629005,0.9999632517323249
5x,385,0.2053973344357852,0.9999990123175637
5x,386,0.7048530921537799,0.9998543013392563
5x,387,1.5576736081241187,0.999999214141919
5x,388,0.32458135385109116,0.9999986179861261
5x,389,0.13105689732201384,0.9999996608625501
5x,390,0.2522687194705,0.9999998342066043
5x,391,0.1001424168691359,0.9999995797048533
5x,392,0.17842892110316796,0.9994240995123683
5x,393,1.2735979023528126,0.7910642978981824
5x,394,0.20281827861320187,0.9998169848543516
5x,395,0.2611110710866576,0.9999996716177055
5x,396,4.180574284432096,0.3955531201820214
5x,397,0.22666252772726808,0.9999431163774457
5x,398,1.4231675284123486,0.9999993439590601
5x,399,2.1103258869685013,0.9999814577771292
5x,400,0.2932891051928545,0.9999968900641517
5x,401,0.2652216602327456,0.9997499119945163
5x,402,0.4941300357374081,0.9995246322164333
5x,403,0.1037211252920142,0.9999999112909218
5x,404,0.14292031447884285,0.999999842906554
5x,405,0.24999157091785235,0.9999993002603031
5x,406,0.2623640528718944,0.9999965847319554
5x,407,0.13427804278028413,0.9999999060012669
5x,408,1.5995705479281157,0.9999432032311372
5x,409,0.2414394136126544,0.9999932222991225
5x,410,0.14739630877237522,0.9999991864936848
5x,411,0.6204867759687746,0.999940615596137
5x,412,0.3027523289808616,0.9999957450857058
5x,413,0.3270880547497946,0.9999747811844552
5x,414,0.14869640355114236,0.9999974768843845
5x,415,0.1537689491110987,0.999999109459897
5x,416,0.6318268898629826,0.9999998141701585
5x,417,0.16820331945273267,0.9999947961356749
5x,418,0.1362089468676467,0.9999985252234744
5x,419,2.244514903600392,0.9999961459703645
5x,420,0.10727295932261728,0.999999794690138
5x,421,0.21326894416529177,0.9999894988350607
5x,422,0.1505446935811512,0.9999997632768792
5x,423,0.2812736096545606,0.999950883488825
5x,424,0.2576338146539726,0.9999960589502671
5x,425,0.1953651474206727,0.9999809111694347
5x,426,0.4423284014363315,0.9999271473723462
5x,427,0.2693465480225773,0.9999993574758641
5x,428,0.3552382096266681,0.9999985645096455
5x,429,0.13496167397104225,0.9999996738795471
5x,430,0.12427825124976859,0.9999997025762808
5x,431,0.4626339735468039,0.9999988660702482
5x,432,0.3631479003020874,0.9999971253057488
5x,433,0.13499141515599297,0.9999998859577794
5x,434,0.1642967118173781,0.9999993836900127
5x,435,0.24108987964836978,0.9999965019802299
5x,436,0.2112981468786348,0.9999976964896279
5x,437,0.2611727838335361,0.9999893103607079
5x,438,0.2149678017401996,0.9999981069460832
5x,439,0.2070762494496472,0.999999515609306
5x,440,3.9439487593872897,0.516600118697844
5x,441,2.735212983619663,0.9995210306825982
5x,442,0.11113857516564056,0.9999999284294379
5x,443,0.2342905542309906,0.9999998486524783
5x,444,1.197423207619956,0.9992818731263159
5x,445,0.24789734559862608,0.9999655875529931
5x,446,0.25140366141541054,0.9999957661695605
5x,447,0.2321545286498488,0.9999981785604659
5x,448,0.20671951041962153,0.9999998851667173
5x,449,0.1229414155914083,0.9999990004355489
5x,450,0.5716742620487159,0.9996179973201823
5x,451,0.17219903519845087,0.9999940280856099
5x,452,0.1596046757396229,0.9999994840632133
5x,453,0.21405210067500852,0.9999987966446525
5x,454,0.21303936535458626,0.9999998949849593
5x,455,0.20332804700467427,0.9999978201458202
5x,456,0.22714322023324385,0.9999998135215965
5x,457,0.44977100865120545,0.9999962373553319
5x,458,0.2763496311069747,0.9999979809635654
5x,459,1.31460901685519,0.999944366764995
5x,460,0.20820821163743872,0.9999999860902854
5x,461,0.22217747530122417,0.999998069021975
5x,462,0.23954591990884402,0.9999994039679253
5x,463,0.3645918121752222,0.9993168069548642
5x,464,0.10753546549914446,0.9999995974037759
5x,465,0.14890540118136178,0.9999998580923982
5x,466,0.13739955846027657,0.9999619558441266
5x,467,0.14088832784574343,0.9999998179690239
5x,468,0.20435385897887792,0.9999997854905597
5x,469,0.22846659041854606,0.9999999049224829
5x,470,0.5363065121013926,0.9981285654366536
5x,471,0.7619694224650564,0.996926939488607
5x,472,1.5914085065437207,0.88494300276659
5x,473,0.356515959935321,0.9999995526374826
5x,474,0.19774635499385568,0.9997027037089149
5x,475,0.5097424818488303,0.999942500503748
5x,476,0.21357745800333333,0.9999985197966763
5x,477,0.17066461033422678,0.9999997457653601
5x,478,0.6794683374833703,0.9999941292800576
5x,479,1.0520233256566824,0.9999872857277841
5x,480,0.5809765388897853,0.999876849680218
5x,481,0.12472000820932654,0.9999999496300549
5x,482,1.2811395083556714,0.999999605718046
5x,483,0.15178667904158447,0.9999990711594687
5x,484,0.1485263097818905,0.9999987556297683
5x,485,0.810239216549606,0.9992204265893416
5x,486,0.21168220348360015,0.9999773992479135
5x,487,2.487740246978644,0.999934329052485
5x,488,0.5738382981237311,0.9981269067392261
5x,489,0.22883661633974875,0.9999998501881
5x,490,0.24437362489967604,0.9999622674273622
5x,491,0.1050904953410845,0.9999995101113999
5x,492,0.2724936799380872,0.9999995543564826
5x,493,1.6702934373829907,0.18476366180077378
5x,494,0.5199103365457214,0.9999823693185441
5x,495,0.23700228159215428,0.9999987000914627
5x,496,0.2552445825760246,0.9998980615267796
5x,497,0.421154208068,0.9999998573476154
5x,498,0.1356404214628495,0.9999999395102158
5x,499,0.29597368000703167,0.9999827983892884
10x,0,0.2964018846510598,0.999974808003323
10x,1,0.16048995034162802,0.999999903204309
10x,2,0.23025143694045247,0.9999982760460431
10x,3,3.9874445975791866,0.9656477890880927
10x,4,0.27215285172274783,0.999998163813893
10x,5,0.6026757721692414,0.9692085038861143
10x,6,0.22939377978295608,0.9999824508967496
10x,7,0.45075068463103957,0.9999049923153323
10x,8,0.4382505475517471,0.6711508122458814
10x,9,0.3598122299817696,0.9999979980030281
10x,10,0.22276851157961175,0.9999994294210499
10x,11,1.8833516971726276,0.9992132132912724
10x,12,0.2965068818779223,0.9999951044791697
10x,13,0.6905974661862797,0.9999668518167988
10x,14,0.21664223869579233,0.9999998568616996
10x,15,1.462739139960272,0.9999771682076236
10x,16,0.5734750560404419,0.9970031707121033
10x,17,0.23164159553572092,0.9999435190182867
10x,18,1.8653352354533093,0.22517528131279926
10x,19,0.4856266195482266,0.9999461634239507
10x,20,0.5916666293809775,0.9999285359414715
10x,21,1.996987662597395,0.9967167598832323
10x,22,0.3266420954717522,0.9999997131418767
10x,23,0.5942401384389383,0.9997478109246937
10x,24,0.24314283024604175,0.9999912478680628
10x,25,0.24198612707613718,0.9999995684704788
10x,26,0.5423083780513763,0.9999854414989104
10x,27,0.3862941257580175,0.9999990298556668
10x,28,0.38295003124824806,0.9999993390805749
10x,29,0.17075558290702952,0.9999310199863658
10x,30,0.5125199959774719,0.9999995131764088
10x,31,0.7327282877012353,0.9994348695346691
10x,32,1.263047661996958,0.9998403989230128
10x,33,0.4592131472213576,0.995290791123462
10x,34,0.14864631699635575,0.9999998592284473
10x,35,0.22824687167239988,0.9999999416284953
10x,36,0.40912152156083365,0.9999911216282297
10x,37,0.31997261894079504,0.9999865232453744
10x,38,0.7812566587807994,0.9998529099854774
10x,39,0.4970177324865628,0.9999916666041166
10x,40,0.5772586596135706,0.9976306220099114
10x,41,0.6834357222945733,0.999730947783963
10x,42,0.36189693793889605,0.9999818751839625
10x,43,2.768278517765441,0.9999010511131879
10x,44,0.2989476255381686,0.9999954678556052
10x,45,0.7476383929680603,0.9999994869487335
10x,46,0.7181318933081179,0.9993529807101343
10x,47,0.2981859984816734,0.9999993304379222
10x,48,0.4424375308133068,0.9998893061668306
10x,49,0.5126883201211623,0.9999742496124279
10x,50,0.4409695892850847,0.9999814597145361
10x,51,0.2614224418600551,0.9999968904133018
10x,52,0.25491706293784294,0.9999826084026227
10x,53,0.6818602614968214,0.9996593780926375
10x,54,0.42126689596517736,0.9999988828710975
10x,55,0.33559367776233995,0.9999999939157036
10x,56,0.22736431893694814,0.999997483224064
10x,57,0.4724692828615588,0.9997497853220434
10x,58,0.23484475627533813,0.9999905220716625
10x,59,0.837601061908226,0.999874980814047
10x,60,0.16851307713102154,0.9999950964058171
10x,61,0.36383044046755275,0.9999993975736087
10x,62,0.3169089801280882,0.9999681869101154
10x,63,0.35355287167545113,0.999939405440589
10x,64,0.22763812149791918,0.9999981956601085
10x,65,1.6662817641690288,0.9999938248098117
10x,66,0.23057807934609612,0.9999997246159396
10x,67,2.6563423925096568,0.9999097973519281
10x,68,0.26100345284261334,0.9999994209634299
10x,69,0.29604785528228117,0.9999999904407922
10x,70,0.28915438441234353,0.9999754453590549
10x,71,0.3299138413602994,0.9999994629564761
10x,72,0.3087827079557442,0.9999998743349906
10x,73,0.2541202673545889,0.9999977004790692
10x,74,0.6087467513161728,0.9999394344822011
10x,75,0.5610290387167971,0.9998155679765707
10x,76,3.038136954551304,0.999329769370268
10x,77,1.3787868328601078,0.9981133674613953
10x,78,0.3389735961582328,0.9999997246290364
10x,79,0.33489290402456146,0.9999989257202099
10x,80,0.3868989832730121,0.9999997624711263
10x,81,1.4348108686284482,0.9999954943705568
10x,82,0.7321858176066788,0.9984973471298322
10x,83,0.36877477881725734,0.9999837456067171
10x,84,0.3278774948222353,0.9999995888856973
10x,85,0.19342836325433518,0.9999920177854148
10x,86,0.25545349213016194,0.999999475566679
10x,87,0.4254027764921791,0.9999995495165096
10x,88,0.32031602524745917,0.9999835617533256
10x,89,2.7803275865110173,0.9999832116650339
10x,90,0.8690407402852028,0.9938125116325653
10x,91,0.374413119103158,0.9999942522814463
10x,92,2.0143567464156766,0.9299029061652964
10x,93,3.481391333267544,0.9988627772759994
10x,94,1.9924710262889818,0.960323690538738
10x,95,0.399973765607526,0.9999989255222066
10x,96,1.7570232600241917,0.9987799953890774
10x,97,0.6229298022184105,0.999988466818709
10x,98,0.9207390958209232,0.9221476384300638
10x,99,0.5050275722413077,0.9999991799296121
10x,100,0.2595916975775383,0.9999754762705284
10x,101,0.23549328123754543,0.9999997377119868
10x,102,0.30080368689585585,0.9997612163258174
10x,103,0.32135242431126365,0.9999693637195944
10x,104,0.3682706948503099,0.9999952928805829
10x,105,0.2128596023519358,0.9999990500988574
10x,106,1.3811597451186373,0.9998974056958346
10x,107,0.28353254589269233,0.9999995810845406
10x,108,1.6515577562134955,0.999996823916826
10x,109,0.3868170460300941,0.9996838210917156
10x,110,0.9683342170465462,0.9998834242708999
10x,111,0.694463561027711,0.9999925570047347
10x,112,1.203639341813672,0.9999980765184836
10x,113,0.5071107404113699,0.9999973322263976
10x,114,0.510917396890946,0.9999991419337424
10x,115,1.6699548226466818,0.9999737571486969
10x,116,0.9647669122551336,0.9915781675997452
10x,117,1.8367022336635592,0.9225513803005818
10x,118,0.5752849070599984,0.9999868927021794
10x,119,0.33958853364482466,0.9999784626943155
10x,120,0.39192674195469906,0.9987244764060316
10x,121,0.40270258732177067,0.9999999458204073
10x,122,1.5309489548841606,0.9963913342098122
10x,123,0.8314492460557307,0.9999703093995579
10x,124,0.5309725283531598,0.9999961828208032
10x,125,0.26736519014305415,0.9999996272665854
10x,126,0.4512185359895902,0.9983768048791684
10x,127,0.2752403238335685,0.9999971132799721
10x,128,0.5724405549703513,0.9997851616206307
10x,129,0.6001096656025652,0.9993432613258673
10x,130,0.5130104543332275,0.9999296260897031
10x,131,0.13594135057431694,0.9999964609399792
10x,132,0.24177836972164576,0.9999999683476565
10x,133,0.5821927743195899,0.9999999396705133
10x,134,0.6688329395653253,0.9999160191118798
10x,135,0.6316793252221193,0.9999959022330069
10x,136,0.30872036225646987,0.9999932326236693
10x,137,1.211378226638086,0.9999950150413016
10x,138,0.7316715173035264,0.9998479319083861
10x,139,0.42598695215364113,0.999968047070333
10x,140,1.9461367168631023,0.9999584033575942
10x,141,1.0525825555641946,0.9974993489823836
10x,142,0.3074867203320996,0.9999997467392976
10x,143,0.4888677571151304,0.9999868268633338
10x,144,1.5701131909958548,0.999993785494822
10x,145,0.5473321214570095,0.9999007493765756
10x,146,2.3819624749820965,0.722101283984686
10x,147,0.7667564831613275,0.9993350523665844
10x,148,0.478470337910149,0.9999959343751664
10x,149,0.3420688464513448,0.9999974882258961
10x,150,0.7920324974637374,0.9998013187225715
10x,151,0.5288048161106155,0.9999818269306688
10x,152,0.5243137031832961,0.9999799792980882
10x,153,0.29559225236827913,0.9999997764063552
10x,154,0.46314761324145354,0.9999865608836904
10x,155,0.3171472212833512,0.9999988673578953
10x,156,0.19242392027803462,0.9999970348144244
10x,157,0.7151710062425912,0.9990259900380456
10x,158,0.2969984610199738,0.9999997445310249
10x,159,0.3787927793263776,0.9999963547982443
10x,160,0.5121130916560239,0.9999981017517298
10x,161,0.23907064446949397,0.9995761825795202
10x,162,2.151327388943694,0.9999877835867215
10x,163,0.587343720318186,0.9999030563291436
10x,164,0.7825257117306115,0.9999866583003321
10x,165,0.34190400212039207,0.9999998433777891
10x,166,0.3885589761709372,0.9999953664629758
10x,167,0.4199468397720126,0.9999985336861672
10x,168,0.20806700658836563,0.9999973198373706
10x,169,0.18590937905987048,0.9999997057979527
10x,170,0.3891251354028801,0.9999999765130777
10x,171,0.4623614305529881,0.9999963621408576
10x,172,0.7322523491587634,0.9999809305682169
10x,173,0.28247099379284196,0.9995695270571564
10x,174,0.19706437674629412,0.9999835001896966
10x,175,0.44611540348205,0.9999985713930909
10x,176,0.25049548653294185,0.9999981039369817
10x,177,0.33565443834826336,0.9999992084920741
10x,178,0.2429737041748579,0.9999929469428608
10x,179,1.2569732586315532,0.9999972415659351
10x,180,1.183833393261555,0.9999981478657933
10x,181,0.37551849812858834,0.9999864636497922
10x,182,0.8085831974976416,0.9999668768745847
10x,183,0.3825845075913509,0.9999995170356389
10x,184,0.2681716713924436,0.9999951147170616
10x,185,0.5016711812018434,0.9999249050390059
10x,186,0.26078049797705594,0.9999939635287208
10x,187,0.5204251490314442,0.9999858303435891
10x,188,0.6594324740465087,0.9997793873155534
10x,189,0.1905046212118611,0.9999997795173968
10x,190,1.1153058042668187,0.9999986629919978
10x,191,0.27423372287211645,0.9999960708248969
10x,192,0.8590478666342384,0.9973368875807987
10x,193,1.342328591676059,0.999227811339729
10x,194,0.3525565677589469,0.9999997175499262
10x,195,0.4771690144245363,0.985703892965746
10x,196,0.35095467665455526,0.9999976359069563
10x,197,0.45714236214601056,0.9998941428792242
10x,198,0.595095051978813,0.9999976779920793
10x,199,0.8628925748682996,0.9993124973157159
10x,200,0.2918343190128406,0.9999996175216869
10x,201,0.9789925062894318,0.9986970952103523
10x,202,0.20379663488085628,0.999999369251883
10x,203,0.4422633533388303,0.9997651661053765
10x,204,0.13024358643353492,0.9999998087756244
10x,205,0.30334368688465696,0.9999972191213246
10x,206,0.1370617962081269,0.9999999178001094
10x,207,0.237776946245922,0.9999998293188008
10x,208,1.838636347021091,0.9999965394739315
10x,209,0.2682958729556429,0.9999994986433056
10x,210,0.46250580312621936,0.9996640849920942
10x,211,0.1828043005981653,0.9999862412330024
10x,212,0.3206919227399385,0.9999996626153117
10x,213,0.26030539695937216,0.9999996630394622
10x,214,0.30372316082793177,0.9999993742978182
10x,215,0.4796913668955137,0.9999052001072688
10x,216,0.44776295149718276,0.9986435307240575
10x,217,0.21509172675254917,0.9999968233084154
10x,218,1.10219243447931,0.9994525059766698
10x,219,0.9492100787415194,0.9999579425600127
10x,220,0.2657716447249061,0.9999870942547451
10x,221,0.1257216052790501,0.9999997148814667
10x,222,0.3397106586254502,0.9999998510222521
10x,223,0.21034746237483587,0.9999971552867828
10x,224,0.6514911970574974,0.9999626039271333
10x,225,0.1784412051215757,0.999993773226972
10x,226,0.2665017743422989,0.9999564758889645
10x,227,0.2223831746866923,0.9999997159234113
10x,228,0.38741719330793944,0.9999802419252126
10x,229,0.21560723466410373,0.9999966002791982
10x,230,0.5351750069170473,0.9999174812863958
10x,231,0.21699945082853594,0.9999994878146283
10x,232,0.2545613517800729,0.9999992391430402
10x,233,0.5400939312837608,0.9999557595313148
10x,234,0.2899269935154911,0.9999968976778109
10x,235,1.8943273112277335,0.4635293710826711
10x,236,1.4601203547776838,0.999956030766118
10x,237,0.3072623816499454,0.9999979808559792
10x,238,0.6963277941603848,0.9999939468222321
10x,239,0.620894765090027,0.9999584997507089
10x,240,0.23639746167257214,0.9999998475595848
10x,241,0.6268584095346035,0.9999920632311973
10x,242,1.1844146253204024,0.997977742791442
10x,243,1.2404214714117126,0.9996380511454954
10x,244,0.20564919933131257,0.9999970810489662
10x,245,0.22226188408237027,0.9999995395511739
10x,246,0.2847950657424085,0.9997302758138817
10x,247,0.772623023451807,0.9999910431666051
10x,248,0.2875178635339462,0.9999993309901909
10x,249,0.640394802301505,0.9748316231773508
10x,250,0.4540877651057629,0.9997201332787048
10x,251,0.3961071052326893,0.999997598214254
10x,252,0.9602397845550493,0.9663541272823867
10x,253,0.3887010799279882,0.9999874175425228
10x,254,0.6595275382451793,0.9999412789707625
10x,255,0.3125412440615153,0.9999457610755612
10x,256,0.3521657533041064,0.9998891851013576
10x,257,0.8507168287560726,0.9995655400838817
10x,258,0.19358382090553056,0.9999943756336716
10x,259,0.3510778669353528,0.9999802495443739
10x,260,0.8111843689822619,0.8047383824479865
10x,261,0.20498932969690561,0.9999999540921373
10x,262,0.4425753902192619,0.9999995048378099
10x,263,0.6260871578847746,0.9997954906777677
10x,264,0.25001628455479935,0.9999998257222092
10x,265,0.3991997029071022,0.9999061428846645
10x,266,0.5945322956012515,0.9999989882144973
10x,267,0.20866518086692246,0.9999519443915279
10x,268,0.34924441528663197,0.9999714438172022
10x,269,1.1165623250778582,0.9991837468023782
10x,270,0.35992944971103025,0.9999973803436522
10x,271,0.26224605823102726,0.999919799720157
10x,272,0.19939752777091518,0.9999995892576664
10x,273,0.45468696966676164,0.999953936588839
10x,274,0.3968395017219801,0.9998040916825383
10x,275,1.2092059860438202,-0.0018435277556037005
10x,276,1.8215072377860406,0.9999951614447158
10x,277,0.8238451000842673,0.9997842079420873
10x,278,0.39257367300923635,0.9999997755568268
10x,279,0.9778235700919945,0.9996489258729913
10x,280,1.0159266062502652,0.9989690931329539
10x,281,0.23942631245892018,0.9999879248189825
10x,282,0.6087442322277025,0.9999987726244255
10x,283,0.7983337791905191,0.9996869256855011
10x,284,2.0312611962721823,0.901186017016718
10x,285,4.506379410753657,0.9238758728218756
10x,286,0.337569288222051,0.9999961614184836
10x,287,1.9515163680844274,0.5506415204565787
10x,288,0.3956893240044425,0.9999959797949947
10x,289,0.5896397067269078,0.9999576145547147
10x,290,0.49679757546300496,0.9999830719228869
10x,291,0.5445476424344253,0.9999968017200686
10x,292,0.2483509555073435,0.9999973507092992
10x,293,0.3957836486903415,0.999623878894875
10x,294,0.21217536602651313,0.9999991387485696
10x,295,0.17644287418349583,0.9999998837824938
10x,296,0.3515379026303867,0.9999809996710495
10x,297,0.3513955510678365,0.999997132354467
10x,298,0.9822442777223673,0.9990456407123793
10x,299,0.3454285130807306,0.9999911249800726
10x,300,0.3926644497587536,0.9985650567074054
10x,301,0.32474320007286256,0.9995784280732245
10x,302,0.18585226719176604,0.9999997307894437
10x,303,1.181451305077552,0.99889047372257
10x,304,1.4520882532489894,0.999918529349409
10x,305,0.5554439470310328,0.9998822208884295
10x,306,0.2674585713885468,0.9999996822614183
10x,307,0.28510040847233487,0.9999995391231524
10x,308,0.6524252154232452,0.9999993659968598
10x,309,0.768829847080136,0.9996498170277409
10x,310,1.3339765235201273,0.999982231956036
10x,311,0.5229523219052385,0.9999839550611299
10x,312,0.39050146905324545,0.9999984102781333
10x,313,2.0708980000709394,0.9997659222535384
10x,314,0.2161871726236019,0.9999995107770818
10x,315,0.4692449789032453,0.999989235433981
10x,316,1.607427409816885,0.9636770195574312
10x,317,0.531928474121789,0.9999879030024881
10x,318,0.3544041316364343,0.9999851793561422
10x,319,0.3590204488854145,0.9998446072535447
10x,320,0.261549302472299,0.9998790226407321
10x,321,0.41850952868752556,0.9999997554227608
10x,322,0.35360321414953916,0.9999659508453276
10x,323,0.7115645082496809,0.999836629679997
10x,324,0.32014548804531423,0.9999990457549032
10x,325,1.397948170928007,0.9731810120310277
10x,326,0.531547286902301,0.9999644035054982
10x,327,0.5074202303037928,0.9999965868862495
10x,328,0.611658710750653,0.9999693710241434
10x,329,0.3951283389490186,0.9999935701007721
10x,330,0.5218117106185394,0.9999304121059778
10x,331,0.2689495874942559,0.999988409528473
10x,332,0.5469087995527167,0.9999996860101825
10x,333,0.25422009299074677,0.9999998332191536
10x,334,0.515359685534996,0.9999878219120254
10x,335,0.3528438091721357,0.999997290134232
10x,336,0.9199009036915023,0.9951501291050386
10x,337,0.2503916241826909,0.9999970248482949
10x,338,0.2339736276095165,0.9999987337162388
10x,339,0.2631769911159423,0.9999501041119119
10x,340,0.6347723353228654,0.9999455736876351
10x,341,0.2946575084610964,0.9999991070820439
10x,342,0.6767281202305144,0.9998226979899469
10x,343,0.7755743945618497,0.9999329785656694
10x,344,0.5174800498751215,0.9999701400312953
10x,345,0.5835556229129369,0.9999763041214488
10x,346,0.5704546507531975,0.9999793528472357
10x,347,2.0315832972268404,0.9999966053997853
10x,348,0.5905205099120032,0.9999865992583292
10x,349,0.1582931510805612,0.9999993550978649
10x,350,0.27118249248320525,0.9999776229390879
10x,351,0.5997338343626234,0.9999505277204497
10x,352,2.4696530379382,0.9751667032457246
10x,353,1.0925787529080104,0.9999365315381875
10x,354,0.20195694308450154,0.9999982782122215
10x,355,0.3387037314468274,0.9999977526781957
10x,356,0.33475714148009544,0.9999404111277455
10x,357,0.3250257900478313,0.9999998193798968
10x,358,0.18295436120435177,0.9999997171568802
10x,359,0.2861141584774806,0.999970063624404
10x,360,0.27188028130772807,0.9999984869708564
10x,361,0.6201806553372625,0.9999893527299583
10x,362,0.37698730348064136,0.9998754216394607
10x,363,0.47241088347331783,0.9999966014079115
10x,364,0.27797295094338864,0.9999981446572094
10x,365,0.7975321221440882,0.9995604195594988
10x,366,0.3646371046895081,0.9999674452907208
10x,367,0.6543294060990203,0.9999993736900628
10x,368,0.28611129888811704,0.9999873331478984
10x,369,0.17650713491450298,0.9999976100133373
10x,370,0.5041189331323094,0.9999899550095517
10x,371,1.0849791836463045,0.9999967307432349
10x,372,1.5670798700952193,0.9938178948039212
10x,373,0.12848270662275446,0.9999999022781304
10x,374,0.431956513789681,0.9999858820025911
10x,375,0.4225153147795903,0.9999991202674806
10x,376,0.21920379100584753,0.999944533528487
10x,377,0.35526715256518443,0.9999495178094858
10x,378,1.2956568910044581,0.9364676139970038
10x,379,0.29566292088431645,0.9999997094488553
10x,380,0.9727116173935667,0.9181297999716819
10x,381,3.8002547116843424,-0.008748266599063755
10x,382,0.28261841533833126,0.9999721716368493
10x,383,1.251774605700255,0.9975999062175583
10x,384,0.28340218654484894,0.9999869280477314
10x,385,0.40431394124515524,0.9999986494983948
10x,386,0.7216481858473939,0.9997359017129631
10x,387,1.5679987874944463,0.999999222133471
10x,388,0.4359869403999298,0.9999799320801538
10x,389,0.21914539659320936,0.9999996862433426
10x,390,0.4240862329862378,0.9999959429679864
10x,391,0.40785503791745226,0.9999791554588107
10x,392,0.3430504829482606,0.9991300490638131
10x,393,1.6143978366636642,0.7823645635944576
10x,394,0.3408512544701074,0.9998817109248629
10x,395,0.5013693196645758,0.9999715460909401
10x,396,4.410645323623321,0.38580476798177854
10x,397,0.34751976629699616,0.9999544957766942
10x,398,1.4776979113308808,0.9999989822148568
10x,399,2.3403863378988095,0.9999670040379931
10x,400,0.34827392123073597,0.9999968033592744
10x,401,0.42435855856289234,0.9998050895544496
10x,402,0.6248309340535221,0.999455317873402
10x,403,0.1703193117703047,0.9999998753630371
10x,404,0.20002180989599166,0.9999993201179715
10x,405,0.49124406894423217,0.999997039175388
10x,406,0.30931445096436017,0.999995159467964
10x,407,0.2184807841784739,0.9999888727777754
10x,408,1.7224623683134563,0.9997556497344013
10x,409,0.4046802954827598,0.9999717276680202
10x,410,0.19191609489893846,0.9999968718800757
10x,411,0.7340415406865587,0.9998438034404038
10x,412,0.34390457008955805,0.999991566810756
10x,413,0.5435160685157949,0.9999845732362771
10x,414,0.2631494322081148,0.999948187222833
10x,415,0.18829962689434251,0.9999980137661315
10x,416,0.6411794931106625,0.9999979256500003
10x,417,0.23432545819772138,0.9998475624509755
10x,418,0.21945891236457427,0.9999970090654375
10x,419,2.2645931374247956,0.9999956236796762
10x,420,0.12484618785034558,0.9999998322222133
10x,421,0.5555220299136487,0.9999739606349473
10x,422,0.17039659098267051,0.9999999353425936
10x,423,0.5080791036231406,0.9998632510453682
10x,424,0.5963956210860683,0.9999979862780928
10x,425,0.16430568231833,0.9999589225823154
10x,426,0.5885987494980028,0.9999255570338115
10x,427,0.33645508420100656,0.9999966031523417
10x,428,0.33401306228615096,0.9999978730542034
10x,429,0.20087038098778692,0.9999929912130905
10x,430,0.14762011580350148,0.9999995774145511
10x,431,0.5016182405029229,0.9999984640367172
10x,432,0.4221290723218891,0.9999669968209547
10x,433,0.14122980843455876,0.9999970700081413
10x,434,0.24191704366355346,0.9999996095330008
10x,435,0.38993096887243167,0.9997580990291172
10x,436,0.4780435584579257,0.9999901499790421
10x,437,0.15818809586086297,0.9999994215884044
10x,438,0.4453231580675491,0.9999185888887445
10x,439,0.39865134136563907,0.9999997677459508
10x,440,4.194852075668698,0.5077251502618717
10x,441,2.799760052922146,0.9994304253914436
10x,442,0.3352247353879869,0.9999961246975537
10x,443,0.3175012005828272,0.9999986972579561
10x,444,1.2153730443071047,0.9992815972779515
10x,445,0.14989694926046565,0.9999895619923844
10x,446,0.4006262939236686,0.9999982338668076
10x,447,0.4508837355959597,0.9999898938091409
10x,448,0.4613780790169672,0.999998974870408
10x,449,0.1494647197026026,0.9999990964822884
10x,450,0.4692888928750659,0.9996188204605247
10x,451,0.34673428789715116,0.9999895877708594
10x,452,0.3949662202856831,0.9999942630757069
10x,453,0.34634388609812844,0.9999697660793438
10x,454,0.2464227571091142,0.9999994566184472
10x,455,0.2117329943321893,0.9999831846048526
10x,456,0.36872175093863296,0.9999997134723912
10x,457,0.5489360788293844,0.9999788770495806
10x,458,0.38014233358085125,0.9999916376725051
10x,459,1.4805272191078076,0.9998188806310211
10x,460,0.21306418803863317,0.9999996191113246
10x,461,0.4401334787787697,0.9999867584334114
10x,462,0.24458875513074974,0.9999971017046795
10x,463,0.5528556605289915,0.9968505633759904
10x,464,0.3205417946475793,0.9999983308574772
10x,465,0.3067068963722743,0.9999984486508855
10x,466,0.38225402643748485,0.9999661873107395
10x,467,0.1468555892148928,0.9999999403409335
10x,468,0.3102478373637725,0.9999998092964116
10x,469,0.3069243151513271,0.9999997750309122
10x,470,0.8753788122374001,0.9930383183387528
10x,471,1.003554272130353,0.9968595616778767
10x,472,1.6311235863545672,0.8849435092798649
10x,473,0.3697628626874873,0.9999887011351031
10x,474,0.4073258919659025,0.9995519233316752
10x,475,0.5223206761153164,0.9999431290792964
10x,476,0.5123929867477632,0.9999920281042689
10x,477,0.3161877369620942,0.9999997954825758
10x,478,0.8702269046174999,0.9999390387515127
10x,479,1.1801595359299601,0.9999469421549779
10x,480,0.798582818229004,0.9994218785926482
10x,481,0.16609970002938146,0.99999986009335
10x,482,1.2961008335507074,0.9999986650947013
10x,483,0.28694516618805177,0.9999956291073434
10x,484,0.4246734903682997,0.9999924721697859
10x,485,1.3592222528169386,0.9989591570943149
10x,486,0.2889771544236942,0.9999187075549604
10x,487,2.470575290274717,0.9999293941476253
10x,488,0.6697227177888825,0.9982083893191074
10x,489,0.3643926589178758,0.9999983281800796
10x,490,0.4670989335222923,0.9996015728377387
10x,491,0.18384518138017797,0.9999960459778342
10x,492,0.42971773825279475,0.9999590417275049
10x,493,1.6874558025482571,0.18502113908322287
10x,494,0.8365435405527816,0.9999225664759682
10x,495,0.28840919576198615,0.9999932877961989
10x,496,0.42377369633172746,0.999481236415131
10x,497,0.704249848387107,0.9999870995167308
10x,498,0.17090393023629105,0.9999996570369853
10x,499,0.5673706205334675,0.999917932976488
20x,0,0.4722075264278048,0.9999781789016707
20x,1,0.6304552998001903,0.9999990203673601
20x,2,0.663025652901788,0.9999622694248124
20x,3,4.09984283523851,0.9662506482535659
20x,4,0.5390745338343043,0.9999805422983532
20x,5,0.9769536600571558,0.97152133399972
20x,6,0.5959429140259892,0.9999820308261165
20x,7,0.7416234205031661,0.9998710044383697
20x,8,0.6775763937342472,0.8830956038874342
20x,9,0.5632347346767975,0.9999855180352486
20x,10,0.5844872957257852,0.9999994902857062
20x,11,2.0437456855939566,0.9989255838972944
20x,12,0.5028537037793972,0.9994778511754384
20x,13,1.0083608820898593,0.9999969009914983
20x,14,0.6109523862161483,0.999999549739966
20x,15,1.6209423602352728,0.9999313173626742
20x,16,1.0932783981563945,0.9847699472960454
20x,17,0.5709834355062247,0.9999959486188774
20x,18,2.0807600441738576,0.11487447590613385
20x,19,0.8559726168577899,0.9998097669564584
20x,20,0.804981176349604,0.9998807771935949
20x,21,2.4401405471911732,0.987892177459099
20x,22,0.4764086920819439,0.9999998411106353
20x,23,0.9425454655280051,0.9997191591732781
20x,24,0.38841630506145747,0.9999234868228593
20x,25,0.6584801403634025,0.9999994863886333
20x,26,0.9488096673659178,0.9999453955939175
20x,27,0.6784507145224113,0.9999878636529967
20x,28,0.7875141398002926,0.9999931620127738
20x,29,0.4484739229233051,0.9999718452712878
20x,30,0.8825700786070791,0.9999990861251882
20x,31,0.8779744569447729,0.9987199493203254
20x,32,1.3548170775543316,0.9997340872109959
20x,33,0.8089763880950621,0.9855295525075228
20x,34,0.6687069833664732,0.9999984257922537
20x,35,0.37190872471753195,0.9999998742810243
20x,36,1.0793506105005766,0.9999957726360178
20x,37,0.5068621672490901,0.9999990609938193
20x,38,1.3461581383614374,0.999368279523635
20x,39,1.005378468717709,0.9999985440035003
20x,40,1.0761493195549003,0.9926400136064075
20x,41,1.0539142230587217,0.9916587900273693
20x,42,0.7203591109647696,0.9999274742084429
20x,43,2.8744933387911837,0.9998616402346676
20x,44,0.5407578899708074,0.999932644404295
20x,45,0.877012252051777,0.9999879024451036
20x,46,0.9757318256288153,0.9993518013302821
20x,47,0.47913064346762013,0.9999977794452488
20x,48,0.8372979156691593,0.9985034089004554
20x,49,0.7933490818671383,0.9999342950560585
20x,50,0.7293071433827882,0.9999472136861907
20x,51,0.40020085749782613,0.9999948039637647
20x,52,0.5222529251539176,0.999988965117044
20x,53,0.9104926841976442,0.9915579821976961
20x,54,0.6926402391934281,0.9999950489774296
20x,55,0.5205456129242167,0.9999998109471079
20x,56,0.38673246064869227,0.9999936048654671
20x,57,1.196267011063311,0.9987446437975289
20x,58,0.3756635890250704,0.9999966130247777
20x,59,0.9702163351733056,0.9998757161482502
20x,60,0.6222168984799615,0.9999940738205613
20x,61,0.6672365002042587,0.9999989684611746
20x,62,0.6781155174558481,0.9998851796261902
20x,63,0.6836149020560942,0.9998339373669907
20x,64,0.3957877586182303,0.9999749982277998
20x,65,1.807698311569697,0.9998772399576017
20x,66,0.33685603356776395,0.9999612405897437
20x,67,3.120343841529456,0.9995335956614164
20x,68,0.4158684732845403,0.9999992228823904
20x,69,0.3790957238673992,0.9999997138250981
20x,70,0.6308488045899938,0.999994630410967
20x,71,0.42806825948561167,0.9999962460655936
20x,72,0.4502837070981324,0.9999997726244191
20x,73,0.6170282637006557,0.9999963434324126
20x,74,0.8045447615989588,0.9999520151550592
20x,75,0.7699671745183946,0.9993252874335627
20x,76,3.407285203674893,0.9984692155498619
20x,77,1.484784143708456,0.9981180981080345
20x,78,0.6031458281212165,0.9999986678940084
20x,79,0.6102961862874515,0.9999982885987441
20x,80,0.674592740048765,0.9999992262727304
20x,81,1.6249120619982458,0.9999949174675138
20x,82,0.9578179091129249,0.9981774301820494
20x,83,0.9055301465960676,0.999823134128763
20x,84,0.42738347748805355,0.9999893393392708
20x,85,0.6126433337261549,0.999960325858367
20x,86,0.6447540584977247,0.9999979190402548
20x,87,0.6879573900143925,0.9999967167924695
20x,88,0.6234324774927038,0.9999617109295205
20x,89,3.0561062702920303,0.9999811649261952
20x,90,1.7174816175682228,0.969452737451011
20x,91,0.8138898592991382,0.9999787586955917
20x,92,2.4714487288407594,0.929896080696111
20x,93,3.6375180957525006,0.9987882660047162
20x,94,2.1861325728177454,0.9603193943368001
20x,95,0.6595737250657374,0.9999974994470295
20x,96,2.1664857938740774,0.995215336378381
20x,97,1.0093795032815644,0.9987464828785071
20x,98,1.362108512709135,0.9157065770306455
20x,99,0.7474222675015464,0.9999980050126315
20x,100,0.5421683945440106,0.9999782281484091
20x,101,0.5850821133129568,0.9999996530937094
20x,102,0.6197436126543697,0.9972547126184192
20x,103,0.5214416611758956,0.9999904678552427
20x,104,0.6154463023521946,0.9999435875432755
20x,105,0.4882175372706345,0.999994200450548
20x,106,1.6015492262930042,0.9999618079727487
20x,107,0.5874277890020354,0.9999985641555188
20x,108,2.0353977618550063,0.9999971986360944
20x,109,1.000603947446081,0.9950354501634733
20x,110,1.1370502695809062,0.9998733429828018
20x,111,1.1529901272867062,0.9999652816046987
20x,112,1.4513818141480415,0.9999955732184479
20x,113,0.7856990626134607,0.9999555944784158
20x,114,0.8300822975459582,0.9999348645734858
20x,115,2.0319134396772913,0.9999484275471666
20x,116,1.7933320959805894,0.9759947393057452
20x,117,2.722439703757571,0.9537769504797359
20x,118,0.9048554836947633,0.9999891998769864
20x,119,0.6890817859224909,0.9999599387142277
20x,120,0.9758512154369924,0.998018409348609
20x,121,0.6085346168549944,0.9999908458151103
20x,122,2.2137462618073167,0.9947004760849397
20x,123,0.9640677515891765,0.999901294959814
20x,124,1.0011907419588268,0.9999774690873404
20x,125,0.48497069056152753,0.9999999314945426
20x,126,1.1823148165318484,0.9855168171568722
20x,127,0.492886959841598,0.9999906783077677
20x,128,0.6805053232447138,0.9999825890667761
20x,129,1.4760007694312607,0.9853159628643771
20x,130,0.6481655613382585,0.9999292621807805
20x,131,0.49178097575821295,0.9999857954350904
20x,132,0.3773556214314581,0.9999999624639375
20x,133,0.9703354477668995,0.9999415881481
20x,134,1.0910084484679146,0.9996189144750757
20x,135,0.8325907453485624,0.9999817462244546
20x,136,0.6140269398234788,0.9999439543650203
20x,137,1.4499665295914999,0.9999990603934108
20x,138,0.8609617127721199,0.9995654719005596
20x,139,0.825732884647451,0.9992600245444176
20x,140,2.146008929741217,0.9959665601722726
20x,141,1.3376551269595371,0.9792551862991358
20x,142,0.7049221894021772,0.9999996625845567
20x,143,0.7937325594821818,0.9999503867320849
20x,144,1.7966160117714065,0.9999883293107761
20x,145,0.7737395037449792,0.9998975654019395
20x,146,2.6702875260634915,0.7210666750930783
20x,147,1.544557454169824,0.994340756749777
20x,148,0.6946273501529682,0.9999757106664665
20x,149,0.6177891382342208,0.9999979198187668
20x,150,1.0618949754781084,0.9992124800545406
20x,151,0.8782230205514648,0.9999845016872699
20x,152,0.8805721836601703,0.9998821071532249
20x,153,0.6581070412900479,0.9999933013000096
20x,154,0.8817564610058736,0.9999775843405427
20x,155,0.701948177371008,0.9999994252676336
20x,156,0.35837977043780583,0.9999843506167243
20x,157,1.1255827411999657,0.987031181131018
20x,158,0.5274042385047901,0.9999994102166326
20x,159,0.7176107084233645,0.9999986385194315
20x,160,0.8734081991849831,0.9999764321886936
20x,161,0.704005904334074,0.9995711967421542
20x,162,2.2426754290240476,0.9999883500719623
20x,163,0.7559722449011949,0.999837353147119
20x,164,0.8792602325870218,0.9999887485642199
20x,165,0.7039922989925853,0.9999996343315903
20x,166,0.628772042997499,0.9999981244171412
20x,167,0.8017294889619236,0.999983471161711
20x,168,0.4482355773286315,0.9984089353598407
20x,169,0.6529233223580142,0.9999984386371891
20x,170,0.6926908034908626,0.999999636173627
20x,171,0.689296031565948,0.9999962873381425
20x,172,0.7718221260835759,0.9999662057443484
20x,173,0.9404348783842537,0.9876972435103468
20x,174,0.44298032738048704,0.9999662573731498
20x,175,0.5859024088847528,0.9999981119384167
20x,176,0.591040812875307,0.9999968044170418
20x,177,0.5239658463968221,0.9999692637437149
20x,178,0.6111187152220375,0.9991878206456115
20x,179,1.526401591772966,0.9999837913864812
20x,180,1.4343463869649975,0.9999352903378845
20x,181,0.5321222259612726,0.9999854190376232
20x,182,0.9226344591102006,0.9999894469007042
20x,183,0.726721837484062,0.9999989713630902
20x,184,0.5286066723104687,0.9998491961745424
20x,185,0.7807434864017484,0.9998508071205616
20x,186,0.46688468102678427,0.9999565838757832
20x,187,1.00201572116823,0.9999967856787051
20x,188,1.0563148000342504,0.9999358865138652
20x,189,0.5119286147840841,0.9999991514729497
20x,190,1.21282650823265,0.9999992273506066
20x,191,0.57604948470595,0.9999448383818004
20x,192,1.463219569807668,0.9677363140076275
20x,193,1.7532282310617977,0.999174907949979
20x,194,0.6490232072964176,0.9999993488407243
20x,195,0.9133814689376957,0.966221880867961
20x,196,0.6271513412515136,0.99999460226309
20x,197,0.8469945069427711,0.9998070500071093
20x,198,0.7739696205466989,0.9999975153698732
20x,199,1.3140689479304173,0.99887686663048
20x,200,0.4174877264773136,0.9999990549923374
20x,201,1.205457304445771,0.9987390271022101
20x,202,0.6351915936482405,0.9999987880501775
20x,203,0.9419300608929436,0.9991610984032723
20x,204,0.36974248158411543,0.9999997823535042
20x,205,0.5515586990374715,0.9999970183166682
20x,206,0.5936913045952694,0.9999987405628515
20x,207,0.5352469394971442,0.9999998273656638
20x,208,1.9971344673590146,0.9999966987832697
20x,209,0.4819724720186343,0.9999987252361986
20x,210,0.8803643919684061,0.9919233704724854
20x,211,0.47234004832256216,0.999844373548107
20x,212,0.5600038139393707,0.9999997557581417
20x,213,0.41878987936639295,0.9999990388023015
20x,214,0.5693191392538659,0.9999974992674501
20x,215,0.7746670789014509,0.9996566105070717
20x,216,0.8426589746468719,0.9853114598822936
20x,217,0.5718638663152749,0.9999953581410845
20x,218,1.7878093505847492,0.9991576370656028
20x,219,1.0881443490810139,0.9999477764146203
20x,220,0.49187047720471316,0.9999352056726362
20x,221,0.3826625464951125,0.999999958059213
20x,222,0.5964776972917971,0.9999993304249849
20x,223,0.5062884246130773,0.9999980430142693
20x,224,1.0234341956194457,0.9997676908450226
20x,225,0.4622053367443134,0.9998902540435924
20x,226,0.8610038517354107,0.9991543483071637
20x,227,0.37327618372733923,0.9999979162096997
20x,228,0.6317349782008511,0.9999203660040545
20x,229,0.4840827150450793,0.999998406820632
20x,230,1.0285177561012144,0.9999842663529377
20x,231,0.5782182124815137,0.9999566886001245
20x,232,0.46547910151355565,0.9999987918573541
20x,233,0.8005931264774125,0.9998449675779808
20x,234,0.5047295745397425,0.9999958352756441
20x,235,2.380784040109828,0.4634978005460654
20x,236,1.6702040368842255,0.9996399436159824
20x,237,0.5574702518835145,0.9999943205514422
20x,238,0.8196506678917438,0.9999743002710187
20x,239,1.1084094044465365,0.9999602716731796
20x,240,0.4677043917952373,0.9999972624363673
20x,241,1.1138994576272427,0.9999990391443745
20x,242,1.6627309326345572,0.5413483810124218
20x,243,1.3829645542001952,0.999638879390427
20x,244,0.41813858965472833,0.9999686291240962
20x,245,0.39849612796327233,0.9999985727346946
20x,246,0.5771548488109061,0.9997899516746436
20x,247,1.1582068974878446,0.999982317263898
20x,248,0.4695227095252828,0.9999857101364533
20x,249,1.2646443658102253,0.977448070392113
20x,250,0.7484681852212001,0.9994720191264251
20x,251,0.6500553609160895,0.9999964653118224
20x,252,1.2160676376123054,0.9663500649663359
20x,253,0.7741905838329911,0.9999804358031342
20x,254,0.8656234864474751,0.9999352380194106
20x,255,0.61683405568302,0.999997962846298
20x,256,0.5958847955931491,0.9995795101188992
20x,257,1.4152187495221433,0.9987489557931282
20x,258,0.4220189447159986,0.9999773936005837
20x,259,0.4781524990167071,0.9999974609518422
20x,260,1.0787756898910776,0.7945574424346378
20x,261,0.5073869402535414,0.9999943396128668
20x,262,0.6270600637327097,0.9999921318237234
20x,263,0.885710286404458,0.9997835937995038
20x,264,0.4234875801443454,0.9999788082835276
20x,265,0.7564578023944426,0.9996939822162065
20x,266,0.7745448296236054,0.9999033982380724
20x,267,0.6362397150019681,0.9999727136826945
20x,268,0.5031348113900478,0.9999867345629879
20x,269,1.2582920964672528,0.9991818427583408
20x,270,0.6525282305893947,0.9999890320215052
20x,271,0.5612689420842886,0.9999885743980549
20x,272,0.7098006207028186,0.9999918568924002
20x,273,0.7346144128209837,0.9999738784358175
20x,274,0.6097761405711588,0.9991305564095534
20x,275,1.517491781621581,-0.001419434670178891
20x,276,1.9928843290084608,0.9999859622529177
20x,277,1.5832484268515987,0.9890839837282133
20x,278,0.7551382362002926,0.9999992987467465
20x,279,1.426478799261087,0.9947040928244287
20x,280,1.2392723860889812,0.9988901925429916
20x,281,0.6697177605749036,0.9999615031019026
20x,282,0.7902395182255155,0.9999975730724906
20x,283,0.9204036729818407,0.9997195982630431
20x,284,2.1124301050483294,0.9014143432920609
20x,285,6.317039218634863,0.9221143638877668
20x,286,0.4720722363747571,0.9999814896884247
20x,287,2.1517430287177697,0.5506306690381232
20x,288,0.7965452744853394,0.9998726183422156
20x,289,0.9603919949884443,0.9997703882774573
20x,290,0.8765349532356737,0.9999908383138545
20x,291,0.7696318547305067,0.9999951506255084
20x,292,0.40431084232005343,0.9999704845539815
20x,293,0.7609932330849565,0.999782420822503
20x,294,0.5379052652345827,0.9999645084279646
20x,295,0.4232956908568711,0.999999215117806
20x,296,0.708425575859339,0.9999941583111703
20x,297,0.535485098538627,0.9999712066778896
20x,298,1.1883901379392536,0.9990949192897557
20x,299,0.6005405715530492,0.9999793475665056
20x,300,1.2222059134367456,0.9796607871350196
20x,301,0.690928711838201,0.9999629679776254
20x,302,0.5151237025507446,0.9999995838248001
20x,303,1.2488577967014494,0.9948858667596061
20x,304,1.5512613739443082,0.998273454734846
20x,305,0.9659101736728843,0.9983549134675739
20x,306,0.6249933608050835,0.9999993210599979
20x,307,0.46991728268193866,0.999999770873172
20x,308,0.9209416052983266,0.9999753853487215
20x,309,0.9621818409363209,0.9997872207102172
20x,310,1.4776903565978288,0.9995113401941371
20x,311,0.7578615653865807,0.9999888797190849
20x,312,0.774200729507142,0.9999882377898753
20x,313,2.4889367274459917,0.9745747390886643
20x,314,0.3823591657331909,0.9999997933486255
20x,315,0.7538717983470394,0.9999934366424508
20x,316,2.415276149533693,0.9406556218644272
20x,317,0.7672524625165398,0.9999877474247966
20x,318,0.6811312180567369,0.9998210000011344
20x,319,0.8597507304181755,0.9994517732697821
20x,320,0.5500036752339371,0.9993660293194049
20x,321,0.6263824364681267,0.9999993377777198
20x,322,0.6849263899383171,0.9998413919901367
20x,323,0.8606492478074218,0.9998353708740575
20x,324,0.44082629824531455,0.9999984653644034
20x,325,2.4312260973924302,0.8894146203921043
20x,326,0.6982758631337034,0.9999656922262796
20x,327,0.8560556097560041,0.9997165226193198
20x,328,1.0504626648297475,0.9999404119384315
20x,329,0.5571102906583361,0.9999704377181968
20x,330,0.7738293251289885,0.9999896499450337
20x,331,0.5435758318841811,0.9999925447983715
20x,332,1.0776072893879927,0.9999944854286571
20x,333,0.3882087850877148,0.9999979638319222
20x,334,0.7470700487599158,0.9967984305761196
20x,335,0.6548342184219089,0.9999885746800525
20x,336,1.685173544170263,0.9962487264283589
20x,337,0.43503313411419525,0.9999999649397622
20x,338,0.5866608521875295,0.9999971644468585
20x,339,0.5900242454420587,0.99049609006761
20x,340,1.0666813019839074,0.999711045361558
20x,341,0.4510493494539992,0.999998734288146
20x,342,0.8993081350293869,0.9997801699915337
20x,343,0.9858941313940887,0.9998322828620418
20x,344,0.6593878637686215,0.9998837219003147
20x,345,0.7790267335215361,0.9999707012523583
20x,346,0.7108207606050494,0.999990499332032
20x,347,2.2570148258985747,0.9999968310978254
20x,348,1.0577413121447592,0.9999824931607685
20x,349,0.45913611316295855,0.9999997201628736
20x,350,0.5360623737427718,0.999988918621058
20x,351,1.0534615280890136,0.9961478014420491
20x,352,3.348481400420875,0.9713105038257371
20x,353,1.2592375188445952,0.9998506979419861
20x,354,0.351506557062648,0.9999951276902862
20x,355,0.5421243243997839,0.9999840811645477
20x,356,0.6894839809633895,0.9982517200342574
20x,357,0.6223703997725786,0.999999667926333
20x,358,0.5161942241338041,0.999995753454176
20x,359,0.5555574997999506,0.999942323728263
20x,360,0.4105217015477922,0.9999882150003524
20x,361,0.7672369791440096,0.9999867405072138
20x,362,0.816752812232628,0.9997928929763881
20x,363,0.7343494144543917,0.9998977053771254
20x,364,0.4171845310692643,0.9999922191800186
20x,365,1.1594148748173136,0.999558750001111
20x,366,0.6644464197414524,0.9962791757243582
20x,367,0.8153250584132717,0.9999984359238154
20x,368,0.6326602934663985,0.9997553627640321
20x,369,0.47425611296818626,0.9999980551419664
20x,370,0.7317478792772575,0.9999164829535213
20x,371,1.516381557404368,0.9999514987137692
20x,372,1.992684905645404,0.9892283749343823
20x,373,0.40229012861862684,0.9999996851910159
20x,374,0.8971033570918365,0.9999605150140841
20x,375,0.7028636236169565,0.9999863831003921
20x,376,0.5385380979367905,0.9986167385759867
20x,377,0.8305575868572922,0.9930919584572064
20x,378,1.4552547667986078,0.9371743244864947
20x,379,0.43950255970997687,0.9999985120214286
20x,380,2.564822873824667,0.5429858787554082
20x,381,4.009700031315256,0.0018440900662948997
20x,382,0.5765176392116682,0.9999717977579641
20x,383,2.0559489707312752,0.9970019187542031
20x,384,0.6116566997243418,0.9999591972198875
20x,385,0.7086027761108215,0.9999972587558106
20x,386,0.8895040323201547,0.9994687993809279
20x,387,1.7204135875918667,0.9999996678445534
20x,388,0.7462986503796595,0.999880595523054
20x,389,0.36929594278518796,0.9999998180453411
20x,390,0.8700617726906126,0.9999885785332424
20x,391,0.6545984018946728,0.999890071327938
20x,392,0.682556398335354,0.9856645814601098
20x,393,2.189406724862121,0.7686434098610146
20x,394,0.8171055431772769,0.9919517518013116
20x,395,0.7775624719053178,0.9999820671305751
20x,396,4.560656215113002,0.3577085099275612
20x,397,0.7565534931122075,0.999977384422709
20x,398,1.5478840826251832,0.9999941483151533
20x,399,2.581245085317606,0.9998693562254783
20x,400,0.636794835952231,0.9999966977523755
20x,401,0.7544717645725141,0.996121741899332
20x,402,0.8314430551343827,0.9986367816435664
20x,403,0.34996178393874966,0.9999997981767758
20x,404,0.4845263721805335,0.9999959919629959
20x,405,0.7984339939247912,0.9999907068499192
20x,406,0.6667283320214882,0.9999967252210091
20x,407,0.3902771031591062,0.9999853671525837
20x,408,1.9003768313615519,0.9989607312484807
20x,409,0.887424955397885,0.9994989624851525
20x,410,0.47171688138530843,0.9999913229212056
20x,411,0.9459988469011663,0.9998626528840542
20x,412,0.5531673334021002,0.9999721642997423
20x,413,0.8577730863553239,0.9999126317580319
20x,414,0.5109905798499861,0.9999967564086875
20x,415,0.4776333362774035,0.9999913600000512
20x,416,0.9912961888544165,0.9999925037043239
20x,417,0.5157678553882431,0.9999435485352081
20x,418,0.5127039694018374,0.9999844435959331
20x,419,2.3765842980778826,0.9999899456589196
20x,420,0.5885079836646876,0.9999986507046534
20x,421,0.8234110466334905,0.9999655504995972
20x,422,0.6307399816897541,0.9999994011819529
20x,423,0.9286432776324347,0.9989335694774358
20x,424,1.0395103753388737,0.9998698823511009
20x,425,0.5212348771380229,0.9999754119139148
20x,426,0.8482905386258387,0.9999244718845294
20x,427,0.7879563350162204,0.9999544985921077
20x,428,0.6856713011208098,0.9999923554449816
20x,429,0.45860961711072507,0.9999964330506662
20x,430,0.4618469024092748,0.9999993997604217
20x,431,0.6020599910832647,0.9999974931256208
20x,432,0.7112605381757623,0.9999902070527622
20x,433,0.3501924893852607,0.9999945148908426
20x,434,0.711887349282242,0.9999958450123202
20x,435,0.6510844102851039,0.9999489576713249
20x,436,1.1322078707977743,0.9999599115505514
20x,437,0.694484888477071,0.9996609796793579
20x,438,0.7634784343447868,0.9999966266975896
20x,439,0.8098061732701408,0.9999947456459632
20x,440,4.328194173101835,0.4795487294106729
20x,441,2.916441112310882,0.9993852276941476
20x,442,0.6631122216155555,0.9999956670301423
20x,443,0.48146292465437,0.9999927720313996
20x,444,1.3118568537951432,0.9992833531184413
20x,445,0.5254745812498758,0.9997861972627632
20x,446,0.6730637422366701,0.9999948286656504
20x,447,0.8749790587746349,0.9998872331353219
20x,448,0.7106738529643306,0.999995564752819
20x,449,0.39022623147186974,0.999993174427159
20x,450,0.7725946859250642,0.9996196418846124
20x,451,0.4722472945414768,0.9999959929867903
20x,452,0.6251139146823984,0.9999766243548612
20x,453,0.6845001990075092,0.999949441062713
20x,454,0.46888766189480163,0.9999984527887846
20x,455,0.48243480452952625,0.9999986030640292
20x,456,0.7440358918102243,0.9999996415160597
20x,457,0.9911337454342186,0.9999921909931072
20x,458,0.7436924678897855,0.9999864872621116
20x,459,1.6828358280273155,0.9992738015376708
20x,460,0.481922809134191,0.9999977146977448
20x,461,0.8748152206574134,0.9999770114526085
20x,462,0.40347556711431093,0.9999934915740031
20x,463,1.3915393967721708,0.9147409756567809
20x,464,0.639331528572452,0.9999959635733684
20x,465,0.6148040432296245,0.9999940125940354
20x,466,0.544651489310703,0.9999592208789265
20x,467,0.5995271663207326,0.9999983582770057
20x,468,0.4829611289201458,0.9999965860141683
20x,469,0.6701754265438699,0.9999979457481668
20x,470,1.4899672814992264,0.987977638439393
20x,471,1.1552396131225227,0.9968534647560008
20x,472,1.8178424790621728,0.8857269579948678
20x,473,0.642702833600504,0.999921679713372
20x,474,0.960316359076322,0.9900335049708586
20x,475,0.7018907127765177,0.9999417553595983
20x,476,0.767509429685476,0.999961122178058
20x,477,0.5523660190424445,0.999999583413344
20x,478,1.0872642675670738,0.9999903005870601
20x,479,1.3763416226499972,0.9998226835183303
20x,480,1.4302454280727164,0.996750188148237
20x,481,0.49066963591992535,0.9999984057585086
20x,482,1.5064780887211278,0.999993883179464
20x,483,0.6987980547894941,0.999952713313731
20x,484,0.6281122033420067,0.9999896634276174
20x,485,1.978194817895998,0.9979577207098336
20x,486,0.6301580933805269,0.9997440238101192
20x,487,2.72904398799811,0.9998197390358592
20x,488,0.8543154040631206,0.9980460032068547
20x,489,0.5149463318276541,0.9999970358787751
20x,490,0.7756994519822926,0.9991599524132864
20x,491,0.559026555906084,0.9999857372030553
20x,492,0.7687534185120908,0.9998325829809056
20x,493,2.0837645008372543,0.18401356380701311
20x,494,1.2433577212618718,0.9999221876258648
20x,495,0.43318340860351084,0.9999963457475377
20x,496,0.826961711846596,0.9730056869019659
20x,497,1.1357346658516259,0.9999795126591426
20x,498,0.3923749552785033,0.999999828429766
20x,499,0.8914569188428669,0.999753370171415
33x,0,0.7087419680721551,0.999512650594337
33x,1,0.8710510566720597,0.9999423805920108
33x,2,0.867195707398838,0.999929993928732
33x,3,4.206286730066783,0.9650614293494658
33x,4,0.8628433780760659,0.9985325825878417
33x,5,1.4559686420232516,0.9990010188257681
33x,6,0.7534524523520673,0.999964569527714
33x,7,0.9710125855949376,0.9978360169370534
33x,8,1.091766001784803,0.9298666593254354
33x,9,0.7372443129221992,0.9999783227668149
33x,10,0.5437313533754189,0.9999946812158059
33x,11,2.327535405756648,0.997906477736572
33x,12,0.7725498039032818,0.9960512660026206
33x,13,1.5117581758266185,0.999984049191735
33x,14,0.4939840768642914,0.9999997039313568
33x,15,1.8249519228542055,0.9996888561210786
33x,16,1.5588432339093845,0.9593908014016056
33x,17,0.6732270104474524,0.9983815589661919
33x,18,2.2458220806320006,0.12026843577426155
33x,19,1.3742481394167396,0.9996613270250793
33x,20,1.3095828663932858,0.9998423787203677
33x,21,2.785817894221909,0.9746930380280687
33x,22,0.7190399708172973,0.999999490022094
33x,23,1.279094015230752,0.9976993765057763
33x,24,0.6865851804462219,0.9985808905404753
33x,25,0.7229818414853276,0.9999990885838783
33x,26,1.2293864609800649,0.9997751412177381
33x,27,0.6836048034301775,0.9999768597701386
33x,28,0.8227823323380247,0.9999752433043004
33x,29,0.6427331870151294,0.9985498006190039
33x,30,0.8670355083354789,0.9999941845819145
33x,31,1.26007259608634,0.9966155099671032
33x,32,1.4667791065449636,0.9996085694985206
33x,33,1.267462179157286,0.9976864392897067
33x,34,0.8685427109344499,0.9999785458696822
33x,35,0.6623025217906456,0.999998950170034
33x,36,1.3635496449977857,0.9999381951189688
33x,37,0.9034491011121475,0.999936855463352
33x,38,1.8357224528740113,0.9893253701767097
33x,39,0.6958473225446971,0.999996177016887
33x,40,1.4372801132197595,0.9794579397535513
33x,41,1.4190097740981737,0.9759524777534
33x,42,1.055614719214582,0.9992595085317441
33x,43,3.1413248503493976,0.9995353203619581
33x,44,0.8760511862384721,0.9972395831905454
33x,45,1.0896227697004088,0.9999647064559771
33x,46,1.0727489728688542,0.9993553408324862
33x,47,0.7283656966372092,0.9999955833212851
33x,48,1.0863634161706204,0.995528000975305
33x,49,1.0149542160878013,0.9993147904581706
33x,50,1.0716642846688178,0.9999094175026318
33x,51,0.708500747036284,0.9999701711888146
33x,52,0.7372969677047099,0.9997863568303698
33x,53,1.2703092559968816,0.955405229250377
33x,54,1.065725074880873,0.999908174273283
33x,55,0.6802999784330513,0.9999978624485687
33x,56,0.6473601895578113,0.9999766035411549
33x,57,1.861856835832001,0.9982817442993226
33x,58,0.5868411241680256,0.9995797126011886
33x,59,1.1906856787155777,0.9998723667448967
33x,60,0.8677900494685986,0.9999605215859126
33x,61,0.5560272204770443,0.9999964241060781
33x,62,0.8188449526918316,0.9996596366649012
33x,63,0.6960327223045235,0.9999613695586099
33x,64,0.644761847202367,0.9993286547851129
33x,65,2.1111563166355887,0.9988837386753291
33x,66,0.5447496456965456,0.9999716066657481
33x,67,3.4310689398920147,0.9969963377485785
33x,68,0.6932623619832321,0.9999988120373633
33x,69,0.7623703225153594,0.9999967557563839
33x,70,0.8375799349740465,0.9999164427579121
33x,71,0.9201040153793181,0.9998417164000626
33x,72,0.7147333461093646,0.999998881242893
33x,73,0.7144049222524572,0.999992128654307
33x,74,0.9884076971715459,0.9999729696737087
33x,75,0.9687539641406048,0.9986742548218017
33x,76,3.4255418801512394,0.9986959002015983
33x,77,1.6165573736913956,0.9980669909293467
33x,78,0.6808126320288468,0.9999934187144379
33x,79,0.964947398866519,0.9999837375100576
33x,80,0.9526685167678548,0.9999594422555417
33x,81,1.8862507529376127,0.9999662155394254
33x,82,1.2748597203116598,0.9985254860555735
33x,83,1.2776383911561235,0.9997025880055325
33x,84,0.9449801114001841,0.9999808161522546
33x,85,0.9184627043002532,0.9999211712152725
33x,86,0.8117027008513426,0.9999585911794909
33x,87,1.2009819400545767,0.9999528404519349
33x,88,0.924369663082407,0.9999104133329724
33x,89,2.957406333008258,0.9999808243669728
33x,90,2.1333265039097147,0.923361695699854
33x,91,0.8269311043229763,0.9998624911123432
33x,92,2.4369104036680347,0.9299164892451519
33x,93,3.829246552501974,0.9991258607823399
33x,94,2.344666256421723,0.9610886943559004
33x,95,0.8777856465082641,0.9999558374595244
33x,96,2.7257244654658437,0.9929451124066625
33x,97,1.2234768115000303,0.9945338442157861
33x,98,1.5966761975130837,0.9209958082055607
33x,99,0.903365897743056,0.9999792413325262
33x,100,0.6697156784867913,0.9989898719122382
33x,101,0.6094541223947767,0.9999987589347727
33x,102,1.0827746614370681,0.9951667665602278
33x,103,0.9081904782341704,0.9999766957657157
33x,104,0.9956471828765248,0.9994884056922154
33x,105,0.4784012471897664,0.9999604248301159
33x,106,1.8783377103298267,0.999764145665639
33x,107,0.8507198074403751,0.9999997396540886
33x,108,2.14784656348338,0.999918983015044
33x,109,1.3965023806586117,0.990190693765743
33x,110,1.360491686412517,0.9998830441206057
33x,111,1.6231236225842167,0.999939417918288
33x,112,1.5908271031717693,0.999997074302192
33x,113,1.14631050530497,0.9983732160952429
33x,114,1.022299690146463,0.9998264998245973
33x,115,2.165364860268246,0.9993701183255236
33x,116,2.1393615327894495,0.9570725706183102
33x,117,3.428842703392754,0.9671536193863253
33x,118,1.341344038944619,0.9983092733789422
33x,119,0.9249316339712599,0.9970162079132803
33x,120,1.1511933748219543,0.9992546665644068
33x,121,0.6873953085583554,0.9999887371495318
33x,122,3.0897972072100255,0.9956432680640309
33x,123,1.1612896305212848,0.9996426490809133
33x,124,1.0931464427626019,0.9999069949474004
33x,125,0.9981686970356319,0.9999942552405732
33x,126,1.7798177658714844,0.9783739131940862
33x,127,0.9949132580876534,0.9997391553863973
33x,128,0.8934750051909425,0.9983460826530907
33x,129,2.978063057385164,0.9429754479052156
33x,130,0.7782096436766499,0.99991434608686
33x,131,0.45954915782361283,0.9999979226951957
33x,132,0.6599210601040207,0.9999995473795009
33x,133,1.065090255755873,0.9997403276589731
33x,134,1.449031389443299,0.9988349075896805
33x,135,0.9646816928376654,0.9999347967596952
33x,136,0.7091088978238136,0.9998895946864674
33x,137,1.6733149603914068,0.9999377581401478
33x,138,1.049724590039781,0.9993326600264754
33x,139,1.2211854559165407,0.9826233962044174
33x,140,2.529333582394461,0.9821227827469349
33x,141,1.6838920600624043,0.9432303008179308
33x,142,0.811354677100938,0.9999990218479179
33x,143,1.3218946482847609,0.999886149282981
33x,144,1.8106073295605007,0.9999793169726848
33x,145,0.8919703917729935,0.9998976856240498
33x,146,3.137052850719762,0.7179069898568613
33x,147,1.5078023293869256,0.9985313732345085
33x,148,1.2942062810487693,0.9998728987625797
33x,149,0.8625703546030701,0.9999447922687725
33x,150,1.3666864948514177,0.9829844308319517
33x,151,1.0674695617493646,0.9978228498796354
33x,152,1.203177189499515,0.9983430377133584
33x,153,0.7296502732665747,0.9999808999160698
33x,154,1.0757432625831007,0.9991809001530665
33x,155,0.9054208829647313,0.9999414621059302
33x,156,0.6250397520816503,0.9998324163562058
33x,157,1.43589777583951,0.9689893282703503
33x,158,0.7684845928023427,0.999984750318551
33x,159,0.8767580978519592,0.9999960419214357
33x,160,1.3552360133567858,0.9999679696936755
33x,161,0.9163892709037822,0.9995631196441008
33x,162,2.4796844329501684,0.9999853347736125
33x,163,0.8753895304611703,0.9996202949467904
33x,164,1.1896384267301696,0.9998538465594328
33x,165,0.7493430257651877,0.999990958555215
33x,166,1.057296864890044,0.9999928175550903
33x,167,0.7883017761199497,0.999990873893297
33x,168,0.7613447593292154,0.9963287387830358
33x,169,0.7139780072425276,0.9999953411061511
33x,170,1.1471863249417653,0.9999890891639797
33x,171,0.6610231954741228,0.9999913933644448
33x,172,0.9693310546131011,0.9999567340941525
33x,173,1.3397960990092297,0.8809023707394285
33x,174,0.7353512103680212,0.9966567320715712
33x,175,0.7803153875164888,0.9999326918818828
33x,176,0.6361748464379625,0.9999979148725254
33x,177,0.9859260337147701,0.9994178302441021
33x,178,1.0169672787787072,0.9880857173812524
33x,179,1.5872752873254872,0.999991361287121
33x,180,1.6632874009975525,0.9993393873931201
33x,181,0.7335719935356294,0.9999204797009782
33x,182,1.3061405017168441,0.9999637073602727
33x,183,0.924980772180347,0.9998034645478476
33x,184,0.7469622631927371,0.9999306386089131
33x,185,1.2472208568542476,0.9988765466452967
33x,186,0.8512832443413717,0.9995353380731478
33x,187,1.3631801529449525,0.999968612944155
33x,188,1.4386249765839756,0.9913475451899628
33x,189,0.5385973315152117,0.9999865332472957
33x,190,1.407169092643685,0.9999986169547257
33x,191,0.9874871902671177,0.9999267017954979
33x,192,1.8369377541810645,0.944384886999907
33x,193,1.9148292842991474,0.9986319556207346
33x,194,0.7272193980189277,0.9999990087142424
33x,195,1.526133266410409,0.8817315052794632
33x,196,0.905632536122109,0.9998613541287111
33x,197,1.189737733530322,0.9991498396339584
33x,198,0.8516596840307645,0.9999991851518449
33x,199,1.885339442711752,0.9900390506813618
33x,200,0.6804329891868894,0.9999975920834125
33x,201,1.4634566806707852,0.9986538195153695
33x,202,0.8612710859990077,0.9999631086552229
33x,203,1.205000456233432,0.999039352755119
33x,204,0.4284577510731115,0.999997794945597
33x,205,0.9983792463288333,0.9999741903752779
33x,206,0.7342931981791184,0.9999883049430393
33x,207,0.7320822450004911,0.9999968760703607
33x,208,2.1201784381114193,0.9999893943815235
33x,209,0.6742926100704172,0.9999897374698586
33x,210,1.3811771027326536,0.972869021926846
33x,211,0.7947213467717877,0.9976602095581114
33x,212,0.9182312897526248,0.9999930341504165
33x,213,0.6260203052335026,0.9999965047457198
33x,214,0.8795600376735502,0.9999610211139324
33x,215,1.2051079237079259,0.989046401645399
33x,216,1.0981978453117787,0.9822826202648116
33x,217,0.5870303896039848,0.999742134684089
33x,218,2.080580708394423,0.9988855126333365
33x,219,1.2448888959866078,0.9999496762173467
33x,220,0.7843145380431085,0.9999167917728577
33x,221,0.48153115675980146,0.999998889136668
33x,222,0.6546030389200883,0.9999908526054639
33x,223,0.6740350883934939,0.9999136073715602
33x,224,1.2742883528655649,0.9985471665644885
33x,225,0.594549042201879,0.9956773246223833
33x,226,1.0178451442714453,0.9980801148081009
33x,227,0.620443363519138,0.9999990582135442
33x,228,0.9242673601141499,0.9985134895428764
33x,229,0.7039579037981145,0.9998951512918532
33x,230,1.4173863758751775,0.9999866047240961
33x,231,0.763945351846742,0.9998397080854883
33x,232,0.8218310049847994,0.9999971906666371
33x,233,0.9934020062199799,0.9987012192720486
33x,234,1.121136691800723,0.9999980123170301
33x,235,2.6090835077834367,0.4677458808583356
33x,236,2.0284488553940556,0.9942544358314787
33x,237,0.6510677952264196,0.9999749126987212
33x,238,0.9728520039070779,0.9999658865690453
33x,239,1.455775015332682,0.9998629179765364
33x,240,0.6371019355589146,0.9999864803382377
33x,241,1.4924362979351786,0.9991163864941649
33x,242,2.4031031104742335,0.4596333722653577
33x,243,1.5385997900742436,0.9996453758485393
33x,244,0.8142580052207885,0.9999084720810815
33x,245,0.6243052626569028,0.999981276483139
33x,246,0.9877087324994139,0.9988071534466867
33x,247,1.3625327993263596,0.9991949155987265
33x,248,0.7907285045373496,0.9999972814179873
33x,249,1.639306622951816,0.9747590222183316
33x,250,0.9942535110677603,0.9911311051185767
33x,251,0.8356335107493413,0.9999890202525316
33x,252,1.4969332576459031,0.9663470763812148
33x,253,1.0502819318110785,0.999830166550619
33x,254,0.9481702207433361,0.9995391510140778
33x,255,1.1338444518515296,0.9999020707804672
33x,256,0.8853552578333301,0.9981894572078879
33x,257,1.9798855837664506,0.9971545495826722
33x,258,0.569574531066678,0.9998618163983999
33x,259,0.8821223330711908,0.9998405873810138
33x,260,1.2866712087018801,0.8319862564891458
33x,261,0.6835046423415354,0.9999965655496628
33x,262,1.240960924713663,0.999987294593959
33x,263,1.353024063585951,0.9850668971791743
33x,264,0.7262628786676131,0.9999395245773538
33x,265,1.2825815145701756,0.9967794693844376
33x,266,1.0710784166951028,0.9997558818739216
33x,267,0.9706606616586074,0.9997508683267812
33x,268,0.8938121578941536,0.9993884455108473
33x,269,1.436947178761088,0.9991655955813783
33x,270,0.7474537354586522,0.9999817857052077
33x,271,0.7075656739269486,0.9984300724802814
33x,272,0.9990842616707553,0.9998944393144353
33x,273,1.0680268728884168,0.9999686974056287
33x,274,0.8901684310725073,0.9988780385947454
33x,275,2.013992596151422,0.0002923511855379583
33x,276,2.114261780443296,0.9999841090475345
33x,277,1.9157245255844744,0.9757556215267188
33x,278,0.6588239157119065,0.9999984666263225
33x,279,1.7131840234113327,0.9763067854824584
33x,280,1.3946389838413968,0.998863411541123
33x,281,0.8502791633202057,0.9988869667069343
33x,282,1.3709412045690248,0.9999745975249158
33x,283,1.074610149049315,0.99836176157869
33x,284,2.3382172490434177,0.8999304219444045
33x,285,2.6177666847360075,0.9867730826811235
33x,286,0.8548141571497456,0.9999615522258701
33x,287,2.079017977383256,0.5507793665093286
33x,288,1.1486985511538355,0.9999266818734369
33x,289,1.3421985577121358,0.9992261408384728
33x,290,1.067062384999192,0.9991186660278254
33x,291,0.8419937914278219,0.9999981117379984
33x,292,0.7384426836829991,0.9993493527850318
33x,293,1.1873696568219616,0.9993607839431782
33x,294,0.6503686053031427,0.9994281440617107
33x,295,0.6584108080046226,0.9999986646825261
33x,296,0.8011707098955662,0.9998715600557155
33x,297,0.7370529457251886,0.9999887628890024
33x,298,1.4310294316925576,0.9990243996940517
33x,299,0.9153885492229425,0.9990937957416134
33x,300,2.2638147888421183,0.9127679128616925
33x,301,0.9341113606257603,0.9979795932462434
33x,302,0.3981781836651002,0.9999993216060437
33x,303,1.5710931907337706,0.958207355156766
33x,304,1.8257016341563694,0.9988907635031423
33x,305,1.4227392159777015,0.9803722780519043
33x,306,0.7877465539498113,0.9999921851479089
33x,307,0.783654476997051,0.9999985803954484
33x,308,1.0582998807050685,0.9998289311753266
33x,309,1.2242608312978631,0.9995382158467419
33x,310,1.6894544409102037,0.9984914708529938
33x,311,0.8302016192839438,0.999986578046483
33x,312,0.9575997696529512,0.9999377774314695
33x,313,2.9058728647671175,0.7917892759416147
33x,314,0.7484983331291645,0.9999629025103853
33x,315,1.1719042877899624,0.9997946094353162
33x,316,2.665679387969269,0.9274266422905052
33x,317,0.9391572940388039,0.9999858095188066
33x,318,0.8820576417628458,0.9992811427519325
33x,319,1.1091213057187315,0.9980216118196775
33x,320,1.103918263843694,0.9954470637538648
33x,321,0.7554549805893388,0.9999594983424072
33x,322,1.5327707930660057,0.9980378670161915
33x,323,0.8702468808132321,0.9998280501744242
33x,324,0.8651130917751879,0.9998655341520495
33x,325,2.674720534956742,0.8264497279433947
33x,326,0.9164851359055418,0.9999656577928785
33x,327,1.1246823875158667,0.9984315819024309
33x,328,1.4331565341217842,0.9997022924431572
33x,329,0.9284041147105293,0.999708378429967
33x,330,1.2275878712663102,0.998950015431815
33x,331,0.8184548003128918,0.9995900319725923
33x,332,1.394364815090858,0.999929439667514
33x,333,0.6399150828534693,0.9999987046205069
33x,334,1.311632104831615,0.9778742511978648
33x,335,0.9498106245078406,0.9999925316871385
33x,336,2.0880269267809055,0.9904637371424188
33x,337,0.7716423928534005,0.9999977672962989
33x,338,0.692850148604762,0.9999701260241576
33x,339,0.8026663242878394,0.9602214078929924
33x,340,1.1718614691466616,0.9995023515152224
33x,341,0.8477528942792703,0.9999922163588799
33x,342,1.1424553592135605,0.9994483444501553
33x,343,1.0273026548776631,0.9999306469188614
33x,344,1.2010312249196669,0.9946601781594887
33x,345,0.9064509299918075,0.9999756523831403
33x,346,0.8449974730418577,0.9998078629784436
33x,347,2.4881469999078023,0.9999541289808105
33x,348,1.267227921190695,0.9997904876535466
33x,349,0.4278589098619551,0.9999990096634639
33x,350,0.8303524356884778,0.9986831955031235
33x,351,1.5560677175743745,0.9905956449423468
33x,352,3.9734806359634396,0.9704993247010857
33x,353,1.5125593015598247,0.9997159211424049
33x,354,0.5613298501724042,0.9999981075718424
33x,355,0.7645407440449443,0.9999658231705937
33x,356,1.1827600498337554,0.9956416796431449
33x,357,0.6943827076289366,0.9999527453270914
33x,358,0.9270361179954529,0.9999902669226906
33x,359,0.8255062443607759,0.9998132425950843
33x,360,0.8415774222894319,0.9998602846405937
33x,361,0.8082975896476015,0.999980045856086
33x,362,1.1081312450878027,0.9995272333179804
33x,363,0.8328059243783704,0.9998826226654917
33x,364,0.7195624295539448,0.9999680977625648
33x,365,1.2558803544150936,0.9995269496956879
33x,366,0.9484261042459179,0.9881929345784741
33x,367,1.0281166913905577,0.9999951525563877
33x,368,1.1184003654175512,0.9982966850941077
33x,369,0.5293720400050967,0.9999808527206429
33x,370,1.2399462876173952,0.9997966446041984
33x,371,1.841177603332879,0.9998859066709842
33x,372,2.4177964965633385,0.9148607759096997
33x,373,0.41599990002099485,0.9999998567449329
33x,374,1.163507163898464,0.9999460084700994
33x,375,0.9235693855669641,0.999889185587207
33x,376,0.9346972463982738,0.9959004747508572
33x,377,1.2380677557403466,0.9751633932169674
33x,378,1.6446512673755915,0.9374113327524489
33x,379,0.6745100149682718,0.999999414621367
33x,380,3.3886170266931503,0.2449494618521035
33x,381,4.3204612255827035,-0.008792124092451732
33x,382,0.8227401243582423,0.9994771331457704
33x,383,2.6178399584707828,0.9918832928382993
33x,384,1.180865699703677,0.9999828465157828
33x,385,0.7599981556355664,0.9999990426255579
33x,386,1.080546304460148,0.9947875537841947
33x,387,1.7904151472683272,0.9999958986208222
33x,388,0.909084639190691,0.9990110805941487
33x,389,0.6578683435543129,0.9999991298115861
33x,390,1.6945937069178223,0.9999598185338268
33x,391,0.7792527182854594,0.9999533576182705
33x,392,1.0461409488534978,0.9275800247779273
33x,393,2.217741495756213,0.7523537773117396
33x,394,1.462400497826089,0.9687588938654109
33x,395,1.184614254654262,0.9991884123461953
33x,396,4.886274235332572,0.3368496785909665
33x,397,1.0060110990118791,0.998225548084933
33x,398,1.6889374950052343,0.9999521834895294
33x,399,2.749257343976133,0.9996927432717921
33x,400,0.7227118248493782,0.9998784133711418
33x,401,1.3818450162188618,0.9804316055459297
33x,402,1.2364207099096738,0.9897129152961616
33x,403,0.5321565672751131,0.9999998578897153
33x,404,0.5864279651909385,0.9999909405229352
33x,405,0.8899499807600927,0.999949655047307
33x,406,0.6963428081099347,0.9999951435989783
33x,407,0.6310041198554339,0.9999790903561181
33x,408,2.0798265259278343,0.9962852944843966
33x,409,1.1819417969259138,0.9989168667005537
33x,410,0.6410651441851082,0.9999957775166016
33x,411,1.1988950493489674,0.9945186489421092
33x,412,0.9211621122850266,0.9996045202034758
33x,413,0.8341504490383267,0.9994425236115412
33x,414,0.7543390991617346,0.9995166561376413
33x,415,0.5161049160442283,0.9999802073027056
33x,416,1.075338632806459,0.9999895358371427
33x,417,0.7595313879944516,0.9968310679902974
33x,418,0.5769993625304555,0.9998896880594089
33x,419,2.491286361739174,0.9999825690714028
33x,420,0.7656075074086407,0.9999892880567591
33x,421,0.8597524912684414,0.9997045121686984
33x,422,0.8484571207908704,0.9999671025435662
33x,423,1.171166125812236,0.9972637122072467
33x,424,1.131237396695956,0.9995779075634325
33x,425,0.8976790551563492,0.9999071212534789
33x,426,0.8651317086910482,0.9999110243921137
33x,427,1.1041433474584785,0.9990947026610973
33x,428,1.2437579951857705,0.9999620641526961
33x,429,0.5321539603303271,0.9998155816136357
33x,430,0.7224142916200683,0.9999944880696859
33x,431,0.7487515392433045,0.9999959885974417
33x,432,0.8863777401246171,0.9994500465605441
33x,433,0.5058741125248323,0.9999986266843014
33x,434,0.9637700523113943,0.9998146435944195
33x,435,1.0114598308373732,0.9978324927675781
33x,436,1.267394694908694,0.9999546372825131
33x,437,0.7897013584958612,0.9997937843773116
33x,438,1.1011710413548343,0.9994481450669885
33x,439,1.1734653921419356,0.998766883167784
33x,440,4.534431081607971,0.4941824172072548
33x,441,3.3086217343788156,0.9939087682364758
33x,442,0.6809836714461076,0.9999678730018843
33x,443,0.9221902939418464,0.9998267418819765
33x,444,1.423789099356514,0.9992913270434021
33x,445,0.9257450088052231,0.9997428518000098
33x,446,0.9830815480010182,0.9999742894589497
33x,447,1.279769481896277,0.9996208635195523
33x,448,1.0623472442739712,0.9999955172357274
33x,449,0.6253826949365058,0.9999338746252089
33x,450,1.066933920457657,0.9996047984140845
33x,451,0.6998388003720422,0.9993833610963947
33x,452,0.788063047452033,0.999974117811919
33x,453,0.9298962779941659,0.9989412650782125
33x,454,0.7324031055112608,0.9999944599740612
33x,455,0.45271146026607584,0.9999876002063777
33x,456,0.9610388494452939,0.9999956569371223
33x,457,1.2014581342979829,0.9999090661514769
33x,458,1.1370230563752663,0.9998754883514522
33x,459,1.8398973684009872,0.9981811295928935
33x,460,0.7748322379050493,0.999979228658194
33x,461,1.0624828514394897,0.9999938109337178
33x,462,0.751116702148859,0.9999204895804343
33x,463,2.151163839526428,0.6961108249594932
33x,464,0.7221553233607219,0.9999940408359634
33x,465,0.654146136909263,0.9999900490566513
33x,466,0.922994455773944,0.9996705008720811
33x,467,0.7874514810786352,0.999984741500595
33x,468,0.7698238594447372,0.9999899759195389
33x,469,0.8066112051477463,0.9999808278406898
33x,470,1.8629598481145473,0.9881464556489628
33x,471,1.5601348631803886,0.9949347714341372
33x,472,2.0858238381462066,0.884023825640153
33x,473,0.7669050254122605,0.9996634395023107
33x,474,1.3014366268671915,0.9769881175762577
33x,475,0.8582334921868218,0.9997251620390523
33x,476,0.9845439368130285,0.999918570191069
33x,477,0.9164355143179684,0.9999980841840971
33x,478,1.51717691321119,0.9993622879246001
33x,479,1.6605798293911658,0.997603730337477
33x,480,2.060677943101679,0.992846779624014
33x,481,0.7455005496113642,0.9999922190337479
33x,482,1.5112184701635896,0.9999623535549226
33x,483,0.9564739622697471,0.9997249986386147
33x,484,0.7501837411454799,0.9998826840335858
33x,485,2.1422216490501076,0.9969751021327634
33x,486,0.7938766307469751,0.999718833752952
33x,487,3.016981426864344,0.999766141537262
33x,488,1.0933605885583257,0.9982255139643776
33x,489,0.9256865809157029,0.999985390256853
33x,490,1.3435822032135225,0.9893976675521521
33x,491,0.4787339658590393,0.99999079417663
33x,492,1.0517829005130916,0.9974253836346121
33x,493,2.6236059094165465,0.17764176360170716
33x,494,1.4810733218938406,0.9985538054327081
33x,495,0.701603034038357,0.9995528671056542
33x,496,1.2726443980097528,0.8987325359420087
33x,497,1.3809150994409332,0.9993517576528188
33x,498,0.6128563714733266,0.9999964674223683
33x,499,1.2298823674901849,0.9999001650488412
